Smiles,MolName,Enthalpy(Hartree)
c1ccccc1,Frag_1,-232.188053
C=C(C)OC,Frag_2,-232.360775
C=CC,Frag_3,-117.844700
C1=CCCC1,Frag_4,-195.242899
C=C(C)C#N,Frag_5,-210.103574
c1cc[nH]c1,Frag_6,-210.124149
C=C(C)N,Frag_7,-173.202858
C=CN,Frag_8,-133.903852
C=C(C)C(=C)C,Frag_9,-234.525166
c1ccncc1,Frag_10,-248.237634
C=C(C)C(=O)O,Frag_11,-306.442343
C=C(C)C(N)=O,Frag_12,-286.558407
C=C(C)C(C)=O,Frag_13,-270.479247
CC(=O)C(C)=O,Frag_14,-306.432897
CC(C)=O,Frag_15,-193.102266
CCC,Frag_18,-119.055388
C1CC1,Frag_19,-117.830393
C=C(C)NC,Frag_21,-212.482837
CNC,Frag_22,-135.093260
COC,Frag_23,-154.968549
C=C(C)CC,Frag_24,-196.434166
C1NCNCN1,Frag_27,-283.888385
CN(C)[N+](=O)[O-],Frag_28,-339.622746
CC[N+](=O)[O-],Frag_29,-284.301240
CCCN,Frag_30,-174.397346
CCN,Frag_31,-135.105411
CC(C)[N+](=O)[O-],Frag_32,-323.599542
CO[N+](=O)[O-],Frag_33,-320.193015
CCON,Frag_34,-210.273616
CCCO,Frag_35,-194.279292
CON,Frag_36,-170.981368
CCO,Frag_37,-154.987262
CC(C)ON,Frag_38,-249.576229
c1ccoc1,Frag_39,-229.988541
C=C(O)[N+](=O)[O-],Frag_40,-358.324820
C=CO,Frag_41,-153.780840
CCCC,Frag_43,-158.346843
CC(C)(C)[N+](=O)[O-],Frag_44,-362.894914
CCN(C)N,Frag_45,-229.705858
CN(C)N,Frag_46,-190.406957
NC[N+](=O)[O-],Frag_47,-300.357804
NCN,Frag_48,-151.159694
CC(C)(C)CO,Frag_49,-272.869583
CC(C)(C)C,Frag_50,-197.646039
CN(C)N=O,Frag_52,-264.429057
C=C(C)O,Frag_53,-193.083641
C=C(C)[N+](=O)[O-],Frag_54,-322.385845
C=C(C)C,Frag_55,-157.143100
C=C(C)CN,Frag_57,-212.484003
C=C[N+](=O)[O-],Frag_58,-283.085818
CC(O)CO,Frag_59,-269.507839
CC(C)O,Frag_60,-194.285241
C1CCNC1,Frag_64,-212.492235
CC(N)C(=O)O,Frag_65,-323.700005
COC(C)=O,Frag_66,-268.341042
CC(=O)O,Frag_67,-229.056802
CC(O)O,Frag_71,-230.224836
CC(C)=C(C)C,Frag_73,-235.729671
C/N=[N+](/C)[O-],Frag_74,-264.422570
C=C(C)N=N,Frag_75,-227.313600
C=C(C)[N+](=N)[O-],Frag_76,-302.500501
C[N+](=N)[O-],Frag_77,-225.122388
CN=N,Frag_78,-149.921757
CC(=O)N(C)C,Frag_79,-287.747299
CN(C)C,Frag_80,-174.380463
C=CCC,Frag_81,-157.136465
CC=C(C)C,Frag_82,-196.436953
C=NC,Frag_83,-133.893189
CC=N,Frag_84,-133.907786
C=CC(=C)C,Frag_85,-195.229706
C/C=C\C,Frag_86,-157.139297
C=CC=C,Frag_87,-155.932385
C/C(N)=C(\C)N,Frag_88,-267.846543
C=CC(=C)N,Frag_89,-211.287899
C/C=C(\C)N,Frag_90,-212.494342
C=CC(=C)O,Frag_92,-231.166249
C=C(N)C(=C)O,Frag_93,-286.521815
C/C=C(\C)O,Frag_94,-232.373375
C=C(N)O,Frag_95,-209.142853
CC(C)=C(C)N,Frag_96,-251.788998
COC(C)O,Frag_97,-269.503533
CN(N)CN,Frag_98,-245.754090
CC(C)C,Frag_99,-158.350216
CNC(C)C,Frag_100,-213.683132
CCNC,Frag_101,-174.386522
CCC(C)N,Frag_102,-213.693957
C/C=N\C,Frag_103,-173.189404
C=CN=C,Frag_104,-171.982037
C=C(C)C=N,Frag_105,-211.284696
C/C=C\N,Frag_106,-173.197964
C=C(N)OC,Frag_107,-248.419336
C=COC,Frag_108,-193.060387
C/C=C(/N)O,Frag_109,-248.434390
C/C=C\O,Frag_110,-193.076888
CC(C)N,Frag_111,-174.401889
C/C=C(/C)N,Frag_112,-212.496959
CCC(C)C,Frag_113,-197.641706
C1CNC1,Frag_116,-173.169181
CC(C)(N)[N+](=O)[O-],Frag_117,-378.946711
CN(C)C=O,Frag_118,-248.450219
C1C2CC3CC2CC13,Frag_119,-311.906676
CNC(C)=O,Frag_120,-248.465155
CCC(N)=O,Frag_121,-248.473225
CC(N)=O,Frag_122,-209.180940
C=C(C)N(C)C,Frag_123,-251.767750
CC(=N)N,Frag_124,-189.276016
c1c[nH]cn1,Frag_125,-226.185707
C=C(N)[N+](=O)[O-],Frag_126,-338.443924
CCN(C)C,Frag_127,-213.673915
N=CN,Frag_128,-149.978134
N=C1NCCN1,Frag_129,-282.723817
C=N[N+](=O)[O-],Frag_130,-299.119393
C=N,Frag_131,-94.604868
CC(=O)NN,Frag_132,-264.490497
N=C(N)[N+](=O)[O-],Frag_133,-354.509876
c1cn[nH]c1,Frag_134,-226.169498
c1nnn[nH]1,Frag_135,-258.251823
CC(=N)N(C)N,Frag_136,-283.873766
CNN,Frag_137,-151.123498
C=C1NCCN1,Frag_138,-266.643809
CC(N)O,Frag_139,-210.338328
C12C3C4C1C1C2C3C41,Frag_140,-309.379772
c1nc[nH]n1,Frag_141,-242.233354
C=C(N)C#N,Frag_142,-226.158934
c1cnccn1,Frag_143,-264.284030
CC(=N)[N+](=O)[O-],Frag_144,-338.450331
C=C(N)N,Frag_145,-189.262759
C=C1CCCN1,Frag_146,-250.592682
C=C,Frag_147,-78.547449
C=NNC,Frag_148,-189.218862
CC(C)=NN,Frag_149,-228.531374
C=C(C)NN,Frag_150,-228.511485
C=NN,Frag_151,-149.933123
CC(C)(N)CO,Frag_152,-288.922920
CN(C)C(C)(C)C,Frag_153,-292.259632
[O-][n+]1ccccc1,Frag_154,-323.414769
C1=C\C=C/C=C\C=C/1,Frag_155,-309.509634
CC(C)C(=N)N,Frag_156,-267.861261
C1COC1,Frag_157,-193.049396
C=C(C)N(C)N,Frag_158,-267.798280
O=c1cccc[nH]1,Frag_159,-323.485660
COC(N)=O,Frag_160,-284.412441
CNC(=O)O,Frag_161,-284.409720
NC(=O)O,Frag_162,-245.137111
c1ccc2c(c1)CN2,Frag_163,-325.591219
CNC(=N)N,Frag_164,-244.624174
N=C1NCNCN1,Frag_165,-338.058353
C=C(C)C(C)=N,Frag_166,-250.584298
C/C=C/N,Frag_168,-173.197481
C=CN(C)C,Frag_169,-212.472950
C1Cn2nnnc2N1,Frag_170,-390.982034
N=C1CCCC1,Frag_171,-250.603667
C=NO,Frag_172,-169.800193
N=c1cccc[nH]1,Frag_173,-303.581007
CN(C)O,Frag_174,-210.278995
CN[N+](=O)[O-],Frag_175,-300.336770
CC(=N)NN,Frag_176,-244.585061
C1CN1,Frag_177,-133.873227
CC(C)=N,Frag_180,-173.208324
c1cn2c(n1)OCC2,Frag_181,-378.788527
NN=C(N)N,Frag_182,-260.657159
CN(N)C(=N)N,Frag_183,-299.934965
N=C(N)N,Frag_184,-205.339810
c1cn[nH]n1,Frag_185,-242.214170
NN(N)N,Frag_186,-222.480396
NNN,Frag_187,-167.156357
CC(=O)N=N,Frag_188,-263.264036
CN=[N+]=[N-],Frag_189,-204.073665
C=C1C=CC=CC1=O,Frag_190,-345.487392
C=CNC,Frag_191,-173.188323
CN(N)[N+](=O)[O-],Frag_192,-355.654383
O=C1NCCN1,Frag_193,-302.633329
C1=CC2CC1C1CC21,Frag_194,-310.688085
C1CC12CC2,Frag_199,-195.186311
C/N=N/N,Frag_200,-205.271923
CN(C)N=N,Frag_201,-244.556651
N=NN,Frag_202,-165.983010
CNC(C)=N,Frag_203,-228.556209
CN(N)C#N,Frag_204,-243.369444
CCOC,Frag_205,-194.263658
CC(N)CO,Frag_206,-249.625568
C/C(N)=C\N,Frag_207,-228.545584
NCCN,Frag_208,-190.446979
c1ncon1,Frag_209,-262.082376
c1cnon1,Frag_210,-262.044543
CC(=N)C(=N)N,Frag_211,-282.716657
N=C(N)O,Frag_212,-225.221143
N=CO,Frag_213,-169.852272
C=C(N)NN,Frag_214,-244.571010
O=c1cc[nH][nH]1,Frag_215,-301.396347
C1CNCNC1,Frag_216,-267.838942
C1CCNCNC1,Frag_217,-307.121731
C=C1NCCCCN1,Frag_218,-345.222662
NCC(=O)O,Frag_219,-284.405919
O=c1cc[nH]c(=O)[nH]1,Frag_220,-414.809833
CCC#N,Frag_221,-172.017783
CC(N)C(C)O,Frag_222,-288.926606
C=C(C)C(C)O,Frag_223,-271.661231
CC(O)C(C)(C)N,Frag_224,-328.218365
CC(C)(C)N,Frag_225,-213.698931
[O-][n+]1ccno1,Frag_226,-337.216958
N=C1NCCCCN1,Frag_227,-361.304834
NCCO,Frag_228,-210.330092
C1CNCN1,Frag_230,-228.537719
N=c1[nH]cn[nH]1,Frag_231,-297.574087
N=NC(=N)N,Frag_232,-259.444919
C/C=N/O,Frag_233,-209.093241
C=C(C)CO,Frag_234,-232.365958
C/C=[N+](/C)[O-],Frag_235,-248.379401
C1COCOC1,Frag_236,-307.597901
CC(C)(N)N=O,Frag_237,-303.718834
CC(C)(O)O,Frag_238,-269.524890
C#CCN,Frag_239,-171.950641
C=CN(C)N,Frag_240,-228.502155
C/C=N/N,Frag_241,-189.232480
CC(C)(C)ON,Frag_242,-288.873393
CCC(C)(C)O,Frag_243,-272.874459
C1=NOCC1,Frag_244,-247.193419
CC(C)(O)[N+](=O)[O-],Frag_245,-398.834531
CC(N)(O)C#N,Frag_246,-302.593387
CC(=N)C#N,Frag_247,-226.158844
O=c1[nH]cn[nH]1,Frag_248,-317.484288
CNC=O,Frag_249,-209.163975
c1c[nH]nn1,Frag_250,-242.208248
C1CCOC1,Frag_251,-232.372188
CC(C)CN,Frag_252,-213.691150
c1nn[nH]n1,Frag_253,-258.255028
NCN(N)N,Frag_254,-261.787113
c1cnoc1,Frag_255,-246.017096
CC(=N)C(=O)O,Frag_256,-322.495579
C/C=N\O,Frag_257,-209.091086
C=C(O)C=N,Frag_258,-247.225197
N=C(N)CO,Frag_259,-264.499321
CC(=O)C=N,Frag_260,-247.238474
CC=[N+]=[N-],Frag_261,-188.022298
C1=CC1,Frag_262,-116.578116
CN(N)N,Frag_268,-206.440899
O=C1CNC(=O)CN1,Frag_269,-415.979621
CC(O)CN,Frag_272,-249.626675
CN(C)C=N,Frag_273,-228.543170
C/N=C/N,Frag_274,-189.262117
C=NC(=C)C,Frag_275,-211.278453
NNC(N)=O,Frag_276,-280.563990
CC(=O)CN,Frag_277,-248.444439
C1NCC2CC12,Frag_278,-250.568156
CC(C)C(C)N,Frag_279,-252.986664
CC(=O)NO,Frag_280,-284.352836
CN=C=O,Frag_281,-207.968308
C/C(N)=N/O,Frag_282,-264.467391
C=C(C)C(=N)N,Frag_283,-266.656007
[O-][n+]1ccn[nH]1,Frag_284,-317.376573
C1CNCCN1,Frag_285,-267.835557
C=C(N)C(=N)N,Frag_286,-282.716298
CC(N)C(C)N,Frag_287,-269.040452
C=CC(=N)N,Frag_288,-227.359067
CC(C)(N)C#N,Frag_289,-266.658902
CC(C)C(C)(C)N,Frag_290,-292.281535
CC(C)C(C)C,Frag_291,-236.934285
CC(N)C(C)(C)C,Frag_292,-292.280734
C=C(C)C(C)(C)N,Frag_293,-291.073983
C=CC(C)(C)N,Frag_294,-251.778661
CC(C)(C)C(C)(C)C,Frag_295,-315.518818
CC(C)(C)C(C)(C)N,Frag_296,-331.573702
CC(C)(N)C(N)=O,Frag_297,-343.114692
CCC(C)(C)N,Frag_298,-252.989978
CC(N)(N)CN,Frag_299,-285.099737
CC(C)(N)N,Frag_300,-229.754811
C/N=C(\C)N,Frag_301,-228.558484
C=C(N)N(C)C,Frag_302,-267.827591
CC(=N)N(C)C,Frag_303,-267.839962
NC=C(N)N,Frag_304,-244.604223
C/N=C(/C)N,Frag_305,-228.560315
C/C(N)=C(\C)O,Frag_306,-287.729813
C=NC(=C)N,Frag_307,-227.338138
CN=C(N)N,Frag_308,-244.623986
C=C(C)C(=C)N,Frag_309,-250.583372
C/C(N)=N\N,Frag_310,-244.591974
CN(N)C=N,Frag_311,-244.571644
N/N=N\N,Frag_312,-221.311419
N/C=N\N,Frag_313,-205.296525
C=NN=N,Frag_314,-204.052966
C=CNN,Frag_315,-189.217621
CNC(C)O,Frag_316,-249.617778
NC(O)C(N)O,Frag_317,-340.921182
C=C(N)NC,Frag_318,-228.545870
NC(N)=C(N)N,Frag_319,-299.961176
N=CNN,Frag_320,-205.291723
C/N=C\N,Frag_321,-189.259302
C=NC(=N)N,Frag_322,-243.413519
CC(N)=C(N)N,Frag_323,-283.901196
N=C(N)C(=N)N,Frag_324,-298.786201
C=C(N)C(=C)N,Frag_325,-266.641660
C=NN(C)C,Frag_326,-228.505059
C=C(N)C=N,Frag_327,-227.343731
C/C=N\N,Frag_328,-189.231741
C=C(N)CC,Frag_329,-212.493950
CC(C)(N)CN,Frag_330,-269.040457
C/C=[N+](\C)[O-],Frag_331,-248.371797
C=C[N+](=C)[O-],Frag_332,-247.160014
CC(C)=CN,Frag_333,-212.493909
C=[N+](C)[O-],Frag_334,-209.077710
C=C(C)C(=C)O,Frag_335,-270.462143
C=CC(N)=O,Frag_336,-247.260178
C/C(N)=C(/C)N,Frag_337,-267.842167
N=C(N)NN,Frag_338,-260.651564
CNCN,Frag_339,-190.442104
C=CC(C)=N,Frag_340,-211.288702
C=C(C)[N+](=C)[O-],Frag_341,-286.456115
C=CC=N,Frag_342,-171.988032
C=C(O)N(C)C,Frag_343,-287.708815
NC(N)=C(N)O,Frag_344,-319.838340
CC(=N)C(C)(N)N,Frag_345,-323.197906
CCC(C)(N)N,Frag_346,-269.046369
CC(C)=NO,Frag_347,-248.391352
CCC(C)=N,Frag_348,-212.499143
CNC=N,Frag_349,-189.256777
CC(=N)N(C)O,Frag_350,-303.732513
C=CN(C)O,Frag_351,-248.364671
C/C(N)=[N+](\C)[O-],Frag_352,-303.739805
C=C(C)C(C)N,Frag_353,-251.778907
C=C(N)C(C)=N,Frag_354,-266.644449
C/N=C(\N)O,Frag_355,-264.509639
COC(=N)N,Frag_356,-264.501805
CN(C)C(=N)O,Frag_357,-303.786123
C=C(N)C(N)=O,Frag_358,-302.617894
C=NN(N)N,Frag_359,-260.571333
C=CC(C)=O,Frag_360,-231.183221
C=CN(N)N,Frag_361,-244.536064
C=NN(C)N,Frag_362,-244.537696
CN(N)C(N)=O,Frag_363,-319.846205
NC(N)=O,Frag_364,-225.250843
C=CC(C)C,Frag_365,-196.430322
CCC(C)(C)C,Frag_366,-236.936420
CC(C)N(C)C,Frag_367,-252.967005
C=NC(C)=N,Frag_368,-227.345854
C=NOC,Frag_369,-209.071012
C/N=C(/N)O,Frag_370,-264.502470
N=C(N)ON,Frag_371,-280.511565
C=NON,Frag_372,-225.092723
C/C(N)=N\O,Frag_373,-264.460947
NON,Frag_374,-186.993844
C=C(N)N(C)N,Frag_375,-283.855303
CNNC,Frag_376,-190.403195
CNC(N)=O,Frag_377,-264.533623
CN(C)C(N)=O,Frag_378,-303.816440
CC(C)=[N+]([O-])O,Frag_379,-323.582727
C=[N+]([O-])ON,Frag_380,-300.272988
C=[N+]([O-])O,Frag_381,-244.985033
C=NNN,Frag_382,-205.249683
C/C(N)=C(\N)O,Frag_383,-303.783547
C=C(O)NC,Frag_384,-248.424111
CC(N)(N)CO,Frag_385,-304.982437
COC(C)(C)O,Frag_386,-308.800071
CC(C)(O)CN,Frag_387,-288.925825
CC(C)(C)O,Frag_388,-233.583513
CC(C)(N)ON,Frag_389,-304.928922
CC(C)(C)C(C)(N)O,Frag_390,-367.518559
CC(=N)C(C)(C)C,Frag_391,-291.086987
CC(C)(N)O,Frag_392,-249.641996
CNN=N,Frag_393,-205.260125
C=C(N)N=N,Frag_394,-243.362483
C/N=N\N,Frag_395,-205.261878
CC(C)CO,Frag_396,-233.573977
CN(N)N=N,Frag_397,-260.570762
C=C(N)ON,Frag_398,-264.427610
C/C=C(/C)O,Frag_399,-232.377432
C=NC(=C)O,Frag_400,-247.218323
CC(C)=[N+](C)[O-],Frag_401,-287.673082
N=C(N)N(N)N,Frag_402,-315.974895
CC(=O)N(C)N,Frag_403,-303.778056
NCC(N)=O,Frag_404,-264.525933
CN(C)C(=N)N,Frag_405,-283.905290
N/C=C\N,Frag_406,-189.252901
CC(N)C(C)(C)N,Frag_407,-308.336337
CC(O)C(C)(N)N,Frag_408,-344.279951
CC(O)C(O)O,Frag_409,-344.746046
CN(C)CN,Frag_410,-229.727603
C/C(N)=[N+](\N)[O-],Frag_411,-319.777549
C=[N+]([O-])N(C)N,Frag_412,-319.714906
C=[N+](N)[O-],Frag_413,-225.113656
CC(N)CN,Frag_414,-229.745723
C=C(C)C(C)C,Frag_415,-235.727726
