Smiles,MolName,Enthalpy(Hartree)
c1ccccc1,Frag_1,-232.169247
C=C(C)OC,Frag_2,-232.346321
C=CC,Frag_3,-117.836708
C1=CCCC1,Frag_4,-195.225984
C=C(C)C#N,Frag_5,-210.091280
c1cc[nH]c1,Frag_6,-210.111057
C=C(C)N,Frag_7,-173.191116
C=CN,Frag_8,-133.897033
C=C(C)C(=C)C,Frag_9,-234.502621
c1ccncc1,Frag_10,-248.220569
C=C(C)C(=O)O,Frag_11,-306.427229
C=C(C)C(N)=O,Frag_12,-286.541227
C=C(C)C(C)=O,Frag_13,-270.460638
CC(=O)C(C)=O,Frag_14,-306.418212
CC(C)=O,Frag_15,-193.092430
CCC,Frag_18,-119.045562
C1CC1,Frag_19,-117.822656
C=C(C)NC,Frag_21,-212.466013
CNC,Frag_22,-135.084776
COC,Frag_23,-154.961824
C=C(C)CC,Frag_24,-196.415774
C1NCNCN1,Frag_27,-283.867415
CN(C)[N+](=O)[O-],Frag_28,-339.608517
CC[N+](=O)[O-],Frag_29,-284.290822
CCCN,Frag_30,-174.383685
CCN,Frag_31,-135.096764
CC(C)[N+](=O)[O-],Frag_32,-323.582598
CO[N+](=O)[O-],Frag_33,-320.185844
CCON,Frag_34,-210.263279
CCCO,Frag_35,-194.267492
CON,Frag_36,-170.975875
CCO,Frag_37,-154.980191
CC(C)ON,Frag_38,-249.561257
c1ccoc1,Frag_39,-229.977492
C=C(O)[N+](=O)[O-],Frag_40,-358.314193
C=CO,Frag_41,-153.775524
CCCC,Frag_43,-158.331923
CC(C)(C)[N+](=O)[O-],Frag_44,-362.872251
CCN(C)N,Frag_45,-229.688582
CN(C)N,Frag_46,-190.394632
NC[N+](=O)[O-],Frag_47,-300.348652
NCN,Frag_48,-151.152305
CC(C)(C)CO,Frag_49,-272.845141
CC(C)(C)C,Frag_50,-197.624235
CN(C)N=O,Frag_52,-264.417037
C=C(C)O,Frag_53,-193.073725
C=C(C)[N+](=O)[O-],Frag_54,-322.372110
C=C(C)C,Frag_55,-157.130008
C=C(C)CN,Frag_57,-212.466900
C=C[N+](=O)[O-],Frag_58,-283.077267
CC(O)CO,Frag_59,-269.494055
CC(C)O,Frag_60,-194.273189
C1CCNC1,Frag_64,-212.474628
CC(N)C(=O)O,Frag_65,-323.684165
COC(C)=O,Frag_66,-268.330127
CC(=O)O,Frag_67,-229.049672
CC(O)O,Frag_71,-230.215817
CC(C)=C(C)C,Frag_73,-235.705645
C/N=[N+](/C)[O-],Frag_74,-264.411138
C=C(C)N=N,Frag_75,-227.300428
C=C(C)[N+](=N)[O-],Frag_76,-302.484690
C[N+](=N)[O-],Frag_77,-225.115001
CN=N,Frag_78,-149.916149
CC(=O)N(C)C,Frag_79,-287.728393
CN(C)C,Frag_80,-174.366662
C=CCC,Frag_81,-157.123859
CC=C(C)C,Frag_82,-196.419008
C=NC,Frag_83,-133.886535
CC=N,Frag_84,-133.901089
C=CC(=C)C,Frag_85,-195.213214
C/C=C\C,Frag_86,-157.126670
C=CC=C,Frag_87,-155.921648
C/C(N)=C(\C)N,Frag_88,-267.825483
C=CC(=C)N,Frag_89,-211.272913
C/C=C(\C)N,Frag_90,-212.477791
C=CC(=C)O,Frag_92,-231.153182
C=C(N)C(=C)O,Frag_93,-286.504360
C/C=C(\C)O,Frag_94,-232.358681
C=C(N)O,Frag_95,-209.134159
CC(C)=C(C)N,Frag_96,-251.766424
COC(C)O,Frag_97,-269.490488
CN(N)CN,Frag_98,-245.738354
CC(C)C,Frag_99,-158.334858
CNC(C)C,Frag_100,-213.664212
CCNC,Frag_101,-174.373082
CCC(C)N,Frag_102,-213.674862
C/C=N\C,Frag_103,-173.177817
C=CN=C,Frag_104,-171.972863
C=C(C)C=N,Frag_105,-211.269676
C/C=C\N,Frag_106,-173.186451
C=C(N)OC,Frag_107,-248.406133
C=COC,Frag_108,-193.050619
C/C=C(/N)O,Frag_109,-248.421232
C/C=C\O,Frag_110,-193.066971
CC(C)N,Frag_111,-174.387960
C/C=C(/C)N,Frag_112,-212.480316
CCC(C)C,Frag_113,-197.621058
C1CNC1,Frag_116,-173.157554
CC(C)(N)[N+](=O)[O-],Frag_117,-378.925726
CN(C)C=O,Frag_118,-248.436645
C1C2CC3CC2CC13,Frag_119,-311.871303
CNC(C)=O,Frag_120,-248.452163
CCC(N)=O,Frag_121,-248.459890
CC(N)=O,Frag_122,-209.172346
C=C(C)N(C)C,Frag_123,-251.744733
CC(=N)N,Frag_124,-189.265712
c1c[nH]cn1,Frag_125,-226.174366
C=C(N)[N+](=O)[O-],Frag_126,-338.431548
CCN(C)C,Frag_127,-213.654967
N=CN,Frag_128,-149.972557
N=C1NCCN1,Frag_129,-282.706297
C=N[N+](=O)[O-],Frag_130,-299.112224
C=N,Frag_131,-94.601970
CC(=O)NN,Frag_132,-264.478549
N=C(N)[N+](=O)[O-],Frag_133,-354.499043
c1cn[nH]c1,Frag_134,-226.158013
c1nnn[nH]1,Frag_135,-258.243248
CC(=N)N(C)N,Frag_136,-283.854319
CNN,Frag_137,-151.116130
C=C1NCCN1,Frag_138,-266.624874
CC(N)O,Frag_139,-210.327763
C12C3C4C1C1C2C3C41,Frag_140,-309.352144
c1nc[nH]n1,Frag_141,-242.223623
C=C(N)C#N,Frag_142,-226.147962
c1cnccn1,Frag_143,-264.268682
CC(=N)[N+](=O)[O-],Frag_144,-338.438098
C=C(N)N,Frag_145,-189.252321
C=C1CCCN1,Frag_146,-250.571990
C=C,Frag_147,-78.543522
C=NNC,Frag_148,-189.208648
CC(C)=NN,Frag_149,-228.516237
C=C(C)NN,Frag_150,-228.495874
C=NN,Frag_151,-149.927588
CC(C)(N)CO,Frag_152,-288.900172
CN(C)C(C)(C)C,Frag_153,-292.226519
[O-][n+]1ccccc1,Frag_154,-323.395623
C1=C\C=C/C=C\C=C/1,Frag_155,-309.480834
CC(C)C(=N)N,Frag_156,-267.839887
C1COC1,Frag_157,-193.039726
C=C(C)N(C)N,Frag_158,-267.776979
O=c1cccc[nH]1,Frag_159,-323.466528
COC(N)=O,Frag_160,-284.402674
CNC(=O)O,Frag_161,-284.399446
NC(=O)O,Frag_162,-245.131266
c1ccc2c(c1)CN2,Frag_163,-325.566035
CNC(=N)N,Frag_164,-244.610464
N=C1NCNCN1,Frag_165,-338.036422
C=C(C)C(C)=N,Frag_166,-250.563621
C/C=C/N,Frag_168,-173.186464
C=CN(C)C,Frag_169,-212.456037
C1Cn2nnnc2N1,Frag_170,-390.961342
N=C1CCCC1,Frag_171,-250.582594
C=NO,Frag_172,-169.796062
N=c1cccc[nH]1,Frag_173,-303.560030
CN(C)O,Frag_174,-210.268568
CN[N+](=O)[O-],Frag_175,-300.327800
CC(=N)NN,Frag_176,-244.570922
C1CN1,Frag_177,-133.866717
CC(C)=N,Frag_180,-173.196686
c1cn2c(n1)OCC2,Frag_181,-378.767194
NN=C(N)N,Frag_182,-260.644811
CN(N)C(=N)N,Frag_183,-299.916756
N=C(N)N,Frag_184,-205.332473
c1cn[nH]n1,Frag_185,-242.204231
NN(N)N,Frag_186,-222.470694
NNN,Frag_187,-167.150255
CC(=O)N=N,Frag_188,-263.254090
CN=[N+]=[N-],Frag_189,-204.067206
C=C1C=CC=CC1=O,Frag_190,-345.462994
C=CNC,Frag_191,-173.176728
CN(N)[N+](=O)[O-],Frag_192,-355.641494
O=C1NCCN1,Frag_193,-302.617554
C1=CC2CC1C1CC21,Frag_194,-310.656353
C1CC12CC2,Frag_199,-195.171347
C/N=N/N,Frag_200,-205.263978
CN(C)N=N,Frag_201,-244.543115
N=NN,Frag_202,-165.978666
CNC(C)=N,Frag_203,-228.540886
CN(N)C#N,Frag_204,-243.358063
CCOC,Frag_205,-194.252312
CC(N)CO,Frag_206,-249.609668
C/C(N)=C\N,Frag_207,-228.530279
NCCN,Frag_208,-190.435141
c1ncon1,Frag_209,-262.074373
c1cnon1,Frag_210,-262.036186
CC(=N)C(=N)N,Frag_211,-282.699061
N=C(N)O,Frag_212,-225.213732
N=CO,Frag_213,-169.848066
C=C(N)NN,Frag_214,-244.557142
O=c1cc[nH][nH]1,Frag_215,-301.382680
C1CNCNC1,Frag_216,-267.816460
C1CCNCNC1,Frag_217,-307.097208
C=C1NCCCCN1,Frag_218,-345.190965
NCC(=O)O,Frag_219,-284.395207
O=c1cc[nH]c(=O)[nH]1,Frag_220,-414.790338
CCC#N,Frag_221,-172.008690
CC(N)C(C)O,Frag_222,-288.904553
C=C(C)C(C)O,Frag_223,-271.640361
CC(O)C(C)(C)N,Frag_224,-328.189256
CC(C)(C)N,Frag_225,-213.678668
[O-][n+]1ccno1,Frag_226,-337.206822
N=C1NCCCCN1,Frag_227,-361.274405
NCCO,Frag_228,-210.319478
C1CNCN1,Frag_230,-228.521640
N=c1[nH]cn[nH]1,Frag_231,-297.560455
N=NC(=N)N,Frag_232,-259.434502
C/C=N/O,Frag_233,-209.085060
C=C(C)CO,Frag_234,-232.350760
C/C=[N+](/C)[O-],Frag_235,-248.366362
C1COCOC1,Frag_236,-307.580254
CC(C)(N)N=O,Frag_237,-303.700302
CC(C)(O)O,Frag_238,-269.510543
C#CCN,Frag_239,-171.941822
C=CN(C)N,Frag_240,-228.486641
C/C=N/N,Frag_241,-189.223012
CC(C)(C)ON,Frag_242,-288.851792
CCC(C)(C)O,Frag_243,-272.850637
C1=NOCC1,Frag_244,-247.181692
CC(C)(O)[N+](=O)[O-],Frag_245,-398.815824
CC(N)(O)C#N,Frag_246,-302.577873
CC(=N)C#N,Frag_247,-226.147985
O=c1[nH]cn[nH]1,Frag_248,-317.472299
CNC=O,Frag_249,-209.155518
c1c[nH]nn1,Frag_250,-242.198215
C1CCOC1,Frag_251,-232.356838
CC(C)CN,Frag_252,-213.671646
c1nn[nH]n1,Frag_253,-258.246560
NCN(N)N,Frag_254,-261.772424
c1cnoc1,Frag_255,-246.007418
CC(=N)C(=O)O,Frag_256,-322.482043
C/C=N\O,Frag_257,-209.082276
C=C(O)C=N,Frag_258,-247.213396
N=C(N)CO,Frag_259,-264.487157
CC(=O)C=N,Frag_260,-247.226687
CC=[N+]=[N-],Frag_261,-188.014506
C1=CC1,Frag_262,-116.572161
CN(N)N,Frag_268,-206.429946
O=C1CNC(=O)CN1,Frag_269,-415.958116
CC(O)CN,Frag_272,-249.610960
CN(C)C=N,Frag_273,-228.527659
C/N=C/N,Frag_274,-189.252644
C=NC(=C)C,Frag_275,-211.263639
NNC(N)=O,Frag_276,-280.553296
CC(=O)CN,Frag_277,-248.431086
C1NCC2CC12,Frag_278,-250.547160
CC(C)C(C)N,Frag_279,-252.960944
CC(=O)NO,Frag_280,-284.342459
CN=C=O,Frag_281,-207.962191
C/C(N)=N/O,Frag_282,-264.455497
C=C(C)C(=N)N,Frag_283,-266.636658
[O-][n+]1ccn[nH]1,Frag_284,-317.364625
C1CNCCN1,Frag_285,-267.813275
C=C(N)C(=N)N,Frag_286,-282.698450
CC(N)C(C)N,Frag_287,-269.016477
C=CC(=N)N,Frag_288,-227.345548
CC(C)(N)C#N,Frag_289,-266.639594
CC(C)C(C)(C)N,Frag_290,-292.248336
CC(C)C(C)C,Frag_291,-236.906814
CC(N)C(C)(C)C,Frag_292,-292.247417
C=C(C)C(C)(C)N,Frag_293,-291.043452
C=CC(C)(C)N,Frag_294,-251.754815
CC(C)(C)C(C)(C)C,Frag_295,-315.475514
CC(C)(C)C(C)(C)N,Frag_296,-331.532274
CC(C)(N)C(N)=O,Frag_297,-343.089857
CCC(C)(C)N,Frag_298,-252.963869
CC(N)(N)CN,Frag_299,-285.076718
CC(C)(N)N,Frag_300,-229.736159
C/N=C(\C)N,Frag_301,-228.543296
C=C(N)N(C)C,Frag_302,-267.806156
CC(=N)N(C)C,Frag_303,-267.818671
NC=C(N)N,Frag_304,-244.595049
C/N=C(/C)N,Frag_305,-228.545297
C/C(N)=C(\C)O,Frag_306,-287.710851
C=NC(=C)N,Frag_307,-227.324808
CN=C(N)N,Frag_308,-244.610270
C=C(C)C(=C)N,Frag_309,-250.562405
C/C(N)=N\N,Frag_310,-244.578159
CN(N)C=N,Frag_311,-244.557545
N/N=N\N,Frag_312,-221.303733
N/C=N\N,Frag_313,-205.287587
C=NN=N,Frag_314,-204.046353
C=CNN,Frag_315,-189.207167
CNC(C)O,Frag_316,-249.601963
NC(O)C(N)O,Frag_317,-340.904284
C=C(N)NC,Frag_318,-228.530468
NC(N)=C(N)N,Frag_319,-299.943099
N=CNN,Frag_320,-205.282768
C/N=C\N,Frag_321,-189.249100
C=NC(=N)N,Frag_322,-243.401661
CC(N)=C(N)N,Frag_323,-283.881588
N=C(N)C(=N)N,Frag_324,-298.770018
C=C(N)C(=C)N,Frag_325,-266.622235
C=NN(C)C,Frag_326,-228.489862
C=C(N)C=N,Frag_327,-227.330066
C/C=N\N,Frag_328,-189.221502
C=C(N)CC,Frag_329,-212.477007
CC(C)(N)CN,Frag_330,-269.015855
C/C=[N+](\C)[O-],Frag_331,-248.358386
C=C[N+](=C)[O-],Frag_332,-247.148555
CC(C)=CN,Frag_333,-212.477232
C=[N+](C)[O-],Frag_334,-209.069117
C=C(C)C(=C)O,Frag_335,-270.443172
C=CC(N)=O,Frag_336,-247.248508
C/C(N)=C(/C)N,Frag_337,-267.821070
N=C(N)NN,Frag_338,-260.640509
CNCN,Frag_339,-190.430003
C=CC(C)=N,Frag_340,-211.274054
C=C(C)[N+](=C)[O-],Frag_341,-286.438912
C=CC=N,Frag_342,-171.978445
C=C(O)N(C)C,Frag_343,-287.689557
NC(N)=C(N)O,Frag_344,-319.822197
CC(=N)C(C)(N)N,Frag_345,-323.171117
CCC(C)(N)N,Frag_346,-269.021928
CC(C)=NO,Frag_347,-248.377696
CCC(C)=N,Frag_348,-212.482243
CNC=N,Frag_349,-189.246982
CC(=N)N(C)O,Frag_350,-303.714979
C=CN(C)O,Frag_351,-248.352280
C/C(N)=[N+](\C)[O-],Frag_352,-303.722410
C=C(C)C(C)N,Frag_353,-251.755757
C=C(N)C(C)=N,Frag_354,-266.625217
C/N=C(\N)O,Frag_355,-264.497640
COC(=N)N,Frag_356,-264.490219
CN(C)C(=N)O,Frag_357,-303.768365
C=C(N)C(N)=O,Frag_358,-302.602177
C=NN(N)N,Frag_359,-260.559017
C=CC(C)=O,Frag_360,-231.170532
C=CN(N)N,Frag_361,-244.521939
C=NN(C)N,Frag_362,-244.524035
CN(N)C(N)=O,Frag_363,-319.830164
NC(N)=O,Frag_364,-225.243459
C=CC(C)C,Frag_365,-196.411570
CCC(C)(C)C,Frag_366,-236.908504
CC(C)N(C)C,Frag_367,-252.941412
C=NC(C)=N,Frag_368,-227.332726
C=NOC,Frag_369,-209.062525
C/N=C(/N)O,Frag_370,-264.490893
N=C(N)ON,Frag_371,-280.501284
C=NON,Frag_372,-225.086164
C/C(N)=N\O,Frag_373,-264.448984
NON,Frag_374,-186.989479
C=C(N)N(C)N,Frag_375,-283.835331
CNNC,Frag_376,-190.391821
CNC(N)=O,Frag_377,-264.521844
CN(C)C(N)=O,Frag_378,-303.798869
CC(C)=[N+]([O-])O,Frag_379,-323.567325
C=[N+]([O-])ON,Frag_380,-300.264300
C=[N+]([O-])O,Frag_381,-244.979216
C=NNN,Frag_382,-205.241317
C/C(N)=C(\N)O,Frag_383,-303.766012
C=C(O)NC,Frag_384,-248.410492
CC(N)(N)CO,Frag_385,-304.961210
COC(C)(C)O,Frag_386,-308.780761
CC(C)(O)CN,Frag_387,-288.903661
CC(C)(C)O,Frag_388,-233.565550
CC(C)(N)ON,Frag_389,-304.908916
CC(C)(C)C(C)(N)O,Frag_390,-367.481776
CC(=N)C(C)(C)C,Frag_391,-291.056559
CC(C)(N)O,Frag_392,-249.625582
CNN=N,Frag_393,-205.251098
C=C(N)N=N,Frag_394,-243.350329
C/N=N\N,Frag_395,-205.252945
CC(C)CO,Frag_396,-233.556556
CN(N)N=N,Frag_397,-260.558135
C=C(N)ON,Frag_398,-264.415960
C/C=C(/C)O,Frag_399,-232.362881
C=NC(=C)O,Frag_400,-247.206750
CC(C)=[N+](C)[O-],Frag_401,-287.654208
N=C(N)N(N)N,Frag_402,-315.958179
CC(=O)N(C)N,Frag_403,-303.760759
NCC(N)=O,Frag_404,-264.513695
CN(C)C(=N)N,Frag_405,-283.885658
N/C=C\N,Frag_406,-189.242625
CC(N)C(C)(C)N,Frag_407,-308.304785
CC(O)C(C)(N)N,Frag_408,-344.252300
CC(O)C(O)O,Frag_409,-344.729917
CN(C)CN,Frag_410,-229.710144
C/C(N)=[N+](\N)[O-],Frag_411,-319.761678
C=[N+]([O-])N(C)N,Frag_412,-319.698808
C=[N+](N)[O-],Frag_413,-225.106279
CC(N)CN,Frag_414,-229.727969
C=C(C)C(C)C,Frag_415,-235.702944
