Smiles,MolName,Enthalpy(Hartree)
c1ccccc1,Frag_1,-232.078739
C=C(C)OC,Frag_2,-232.257189
C=CC,Frag_3,-117.790882
C1=CCCC1,Frag_4,-195.156351
C=C(C)C#N,Frag_5,-210.004568
c1cc[nH]c1,Frag_6,-210.032432
C=C(C)N,Frag_7,-173.125469
C=CN,Frag_8,-133.844705
C=C(C)C(=C)C,Frag_9,-234.412814
c1ccncc1,Frag_10,-248.123244
C=C(C)C(=O)O,Frag_11,-306.307760
C=C(C)C(N)=O,Frag_12,-286.430275
C=C(C)C(C)=O,Frag_13,-270.355814
CC(=O)C(C)=O,Frag_14,-306.298402
CC(C)=O,Frag_15,-193.018511
CCC,Frag_18,-119.003601
C1CC1,Frag_19,-117.782497
C=C(C)NC,Frag_21,-212.386450
CNC,Frag_22,-135.035407
COC,Frag_23,-154.902736
C=C(C)CC,Frag_24,-196.342994
C1NCNCN1,Frag_27,-283.765897
CN(C)[N+](=O)[O-],Frag_28,-339.482594
CC[N+](=O)[O-],Frag_29,-284.184417
CCCN,Frag_30,-174.321186
CCN,Frag_31,-135.047812
CC(C)[N+](=O)[O-],Frag_32,-323.462657
CO[N+](=O)[O-],Frag_33,-320.064829
CCON,Frag_34,-210.184082
CCCO,Frag_35,-194.196022
CON,Frag_36,-170.909933
CCO,Frag_37,-154.922347
CC(C)ON,Frag_38,-249.468029
c1ccoc1,Frag_39,-229.889222
C=C(O)[N+](=O)[O-],Frag_40,-358.176791
C=CO,Frag_41,-153.714456
CCCC,Frag_43,-158.276350
CC(C)(C)[N+](=O)[O-],Frag_44,-362.738899
CCN(C)N,Frag_45,-229.604937
CN(C)N,Frag_46,-190.324153
NC[N+](=O)[O-],Frag_47,-300.235664
NCN,Frag_48,-151.096388
CC(C)(C)CO,Frag_49,-272.746675
CC(C)(C)C,Frag_50,-197.554951
CN(C)N=O,Frag_52,-264.317204
C=C(C)O,Frag_53,-192.999473
C=C(C)[N+](=O)[O-],Frag_54,-322.248889
C=C(C)C,Frag_55,-157.070854
C=C(C)CN,Frag_57,-212.387195
C=C[N+](=O)[O-],Frag_58,-282.967056
CC(O)CO,Frag_59,-269.392817
CC(C)O,Frag_60,-194.201683
C1CCNC1,Frag_64,-212.400931
CC(N)C(=O)O,Frag_65,-323.561651
COC(C)=O,Frag_66,-268.226689
CC(=O)O,Frag_67,-228.961342
CC(O)O,Frag_71,-230.128945
CC(C)=C(C)C,Frag_73,-235.620377
C/N=[N+](/C)[O-],Frag_74,-264.311767
C=C(C)N=N,Frag_75,-227.210840
C=C(C)[N+](=N)[O-],Frag_76,-302.369136
C[N+](=N)[O-],Frag_77,-225.029555
CN=N,Frag_78,-149.857186
CC(=O)N(C)C,Frag_79,-287.620788
CN(C)C,Frag_80,-174.303190
C=CCC,Frag_81,-157.064365
CC=C(C)C,Frag_82,-196.346844
C=NC,Frag_83,-133.833495
CC=N,Frag_84,-133.848727
C=CC(=C)C,Frag_85,-195.136417
C/C=C\C,Frag_86,-157.067784
C=CC=C,Frag_87,-155.857987
C/C(N)=C(\C)N,Frag_88,-267.726871
C=CC(=C)N,Frag_89,-211.189631
C/C=C(\C)N,Frag_90,-212.399075
C=CC(=C)O,Frag_92,-231.061324
C=C(N)C(=C)O,Frag_93,-286.393260
C/C=C(\C)O,Frag_94,-232.271309
C=C(N)O,Frag_95,-209.053673
CC(C)=C(C)N,Frag_96,-251.674582
COC(C)O,Frag_97,-269.388594
CN(N)CN,Frag_98,-245.647864
CC(C)C,Frag_99,-158.279257
CNC(C)C,Frag_100,-213.587645
CCNC,Frag_101,-174.310138
CCC(C)N,Frag_102,-213.598591
C/C=N\C,Frag_103,-173.111753
C=CN=C,Frag_104,-171.902278
C=C(C)C=N,Frag_105,-211.186534
C/C=C\N,Frag_106,-173.120962
C=C(N)OC,Frag_107,-248.310688
C=COC,Frag_108,-192.974821
C/C=C(/N)O,Frag_109,-248.327421
C/C=C\O,Frag_110,-192.992992
CC(C)N,Frag_111,-174.325333
C/C=C(/C)N,Frag_112,-212.401574
CCC(C)C,Frag_113,-197.551870
C1CNC1,Frag_116,-173.097179
CC(C)(N)[N+](=O)[O-],Frag_117,-378.785589
CN(C)C=O,Frag_118,-248.342288
C1C2CC3CC2CC13,Frag_119,-311.772944
CNC(C)=O,Frag_120,-248.358297
CCC(N)=O,Frag_121,-248.366218
CC(N)=O,Frag_122,-209.092218
C=C(C)N(C)C,Frag_123,-251.651417
CC(=N)N,Frag_124,-189.193740
c1c[nH]cn1,Frag_125,-226.089058
C=C(N)[N+](=O)[O-],Frag_126,-338.302265
CCN(C)C,Frag_127,-213.577903
N=CN,Frag_128,-149.913867
N=C1NCCN1,Frag_129,-282.603219
C=N[N+](=O)[O-],Frag_130,-298.996047
C=N,Frag_131,-94.562916
CC(=O)NN,Frag_132,-264.378318
N=C(N)[N+](=O)[O-],Frag_133,-354.363565
c1cn[nH]c1,Frag_134,-226.073195
c1nnn[nH]1,Frag_135,-258.145827
CC(=N)N(C)N,Frag_136,-283.748528
CNN,Frag_137,-151.060213
C=C1NCCN1,Frag_138,-266.527967
CC(N)O,Frag_139,-210.249365
C12C3C4C1C1C2C3C41,Frag_140,-309.256622
c1nc[nH]n1,Frag_141,-242.132269
C=C(N)C#N,Frag_142,-226.054786
c1cnccn1,Frag_143,-264.164462
CC(=N)[N+](=O)[O-],Frag_144,-338.308637
C=C(N)N,Frag_145,-189.180238
C=C1CCCN1,Frag_146,-250.481879
C=C,Frag_147,-78.510911
C=NNC,Frag_148,-189.136019
CC(C)=NN,Frag_149,-228.430913
C=C(C)NN,Frag_150,-228.409910
C=NN,Frag_151,-149.868603
CC(C)(N)CO,Frag_152,-288.794648
CN(C)C(C)(C)C,Frag_153,-292.122697
[O-][n+]1ccccc1,Frag_154,-323.270833
C1=C\C=C/C=C\C=C/1,Frag_155,-309.358499
CC(C)C(=N)N,Frag_156,-267.740746
C1COC1,Frag_157,-192.969707
C=C(C)N(C)N,Frag_158,-267.677168
O=c1cccc[nH]1,Frag_159,-323.341166
COC(N)=O,Frag_160,-284.293048
CNC(=O)O,Frag_161,-284.290872
NC(=O)O,Frag_162,-245.036737
c1ccc2c(c1)CN2,Frag_163,-325.445294
CNC(=N)N,Frag_164,-244.518294
N=C1NCNCN1,Frag_165,-337.912135
C=C(C)C(C)=N,Frag_166,-250.467232
C/C=C/N,Frag_168,-173.120962
C=CN(C)C,Frag_169,-212.375784
C1Cn2nnnc2N1,Frag_170,-390.819188
N=C1CCCC1,Frag_171,-250.492809
C=NO,Frag_172,-169.728017
N=c1cccc[nH]1,Frag_173,-303.442964
CN(C)O,Frag_174,-210.189122
CN[N+](=O)[O-],Frag_175,-300.215822
CC(=N)NN,Frag_176,-244.478961
C1CN1,Frag_177,-133.819594
CC(C)=N,Frag_180,-173.131097
c1cn2c(n1)OCC2,Frag_181,-378.628045
NN=C(N)N,Frag_182,-260.546370
CN(N)C(=N)N,Frag_183,-299.803286
N=C(N)N,Frag_184,-205.252487
c1cn[nH]n1,Frag_185,-242.113398
NN(N)N,Frag_186,-222.387817
NNN,Frag_187,-167.087781
CC(=O)N=N,Frag_188,-263.150139
CN=[N+]=[N-],Frag_189,-203.987722
C=C1C=CC=CC1=O,Frag_190,-345.325682
C=CNC,Frag_191,-173.110444
CN(N)[N+](=O)[O-],Frag_192,-355.509385
O=C1NCCN1,Frag_193,-302.506423
C1=CC2CC1C1CC21,Frag_194,-310.552914
C1CC12CC2,Frag_199,-195.106072
C/N=N/N,Frag_200,-205.185256
CN(C)N=N,Frag_201,-244.451027
N=NN,Frag_202,-165.914076
CNC(C)=N,Frag_203,-228.455078
CN(N)C#N,Frag_204,-243.261644
CCOC,Frag_205,-194.179546
CC(N)CO,Frag_206,-249.517523
C/C(N)=C\N,Frag_207,-228.444748
NCCN,Frag_208,-190.365421
c1ncon1,Frag_209,-261.973055
c1cnon1,Frag_210,-261.934942
CC(=N)C(=N)N,Frag_211,-282.590174
N=C(N)O,Frag_212,-225.127134
N=CO,Frag_213,-169.780920
C=C(N)NN,Frag_214,-244.464754
O=c1cc[nH][nH]1,Frag_215,-301.268671
C1CNCNC1,Frag_216,-267.721962
C1CCNCNC1,Frag_217,-306.984658
C=C1NCCCCN1,Frag_218,-345.066011
NCC(=O)O,Frag_219,-284.287242
O=c1cc[nH]c(=O)[nH]1,Frag_220,-414.630680
CCC#N,Frag_221,-171.939562
CC(N)C(C)O,Frag_222,-288.799377
C=C(C)C(C)O,Frag_223,-271.538133
CC(O)C(C)(C)N,Frag_224,-328.070325
CC(C)(C)N,Frag_225,-213.602444
[O-][n+]1ccno1,Frag_226,-337.078631
N=C1NCCCCN1,Frag_227,-361.143752
NCCO,Frag_228,-210.241096
C1CNCN1,Frag_230,-228.440763
N=c1[nH]cn[nH]1,Frag_231,-297.448784
N=NC(=N)N,Frag_232,-259.332492
C/C=N/O,Frag_233,-209.004066
C=C(C)CO,Frag_234,-232.262067
C/C=[N+](/C)[O-],Frag_235,-248.272628
C1COCOC1,Frag_236,-307.466503
CC(C)(N)N=O,Frag_237,-303.585833
CC(C)(O)O,Frag_238,-269.409965
C#CCN,Frag_239,-171.872018
C=CN(C)N,Frag_240,-228.399928
C/C=N/N,Frag_241,-189.150725
CC(C)(C)ON,Frag_242,-288.745135
CCC(C)(C)O,Frag_243,-272.751898
C1=NOCC1,Frag_244,-247.088672
CC(C)(O)[N+](=O)[O-],Frag_245,-398.667202
CC(N)(O)C#N,Frag_246,-302.458861
CC(=N)C#N,Frag_247,-226.054754
O=c1[nH]cn[nH]1,Frag_248,-317.352722
CNC=O,Frag_249,-209.074916
c1c[nH]nn1,Frag_250,-242.107059
C1CCOC1,Frag_251,-232.273505
CC(C)CN,Frag_252,-213.595472
c1nn[nH]n1,Frag_253,-258.149621
NCN(N)N,Frag_254,-261.675799
c1cnoc1,Frag_255,-245.912483
CC(=N)C(=O)O,Frag_256,-322.356053
C/C=N\O,Frag_257,-209.001646
C=C(O)C=N,Frag_258,-247.115140
N=C(N)CO,Frag_259,-264.385717
CC(=O)C=N,Frag_260,-247.128548
CC=[N+]=[N-],Frag_261,-187.940640
C1=CC1,Frag_262,-116.528446
CN(N)N,Frag_268,-206.353032
O=C1CNC(=O)CN1,Frag_269,-415.801086
CC(O)CN,Frag_272,-249.518667
CN(C)C=N,Frag_273,-228.441383
C/N=C/N,Frag_274,-189.180034
C=NC(=C)C,Frag_275,-211.180068
NNC(N)=O,Frag_276,-280.446881
CC(=O)CN,Frag_277,-248.337513
C1NCC2CC12,Frag_278,-250.462406
CC(C)C(C)N,Frag_279,-252.871301
CC(=O)NO,Frag_280,-284.234114
CN=C=O,Frag_281,-207.879789
C/C(N)=N/O,Frag_282,-264.354305
C=C(C)C(=N)N,Frag_283,-266.534138
[O-][n+]1ccn[nH]1,Frag_284,-317.246283
C1CNCCN1,Frag_285,-267.718431
C=C(N)C(=N)N,Frag_286,-282.589599
CC(N)C(C)N,Frag_287,-268.919921
C=CC(=N)N,Frag_288,-227.255958
CC(C)(N)C#N,Frag_289,-266.536289
CC(C)C(C)(C)N,Frag_290,-292.145350
CC(C)C(C)C,Frag_291,-236.824125
CC(N)C(C)(C)C,Frag_292,-292.144444
C=C(C)C(C)(C)N,Frag_293,-290.936975
C=CC(C)(C)N,Frag_294,-251.661339
CC(C)(C)C(C)(C)C,Frag_295,-315.366202
CC(C)(C)C(C)(C)N,Frag_296,-331.416067
CC(C)(N)C(N)=O,Frag_297,-342.962376
CCC(C)(C)N,Frag_298,-252.874239
CC(N)(N)CN,Frag_299,-284.973627
CC(C)(N)N,Frag_300,-229.653112
C/N=C(\C)N,Frag_301,-228.457580
C=C(N)N(C)C,Frag_302,-267.706307
CC(=N)N(C)C,Frag_303,-267.719263
NC=C(N)N,Frag_304,-244.503258
C/N=C(/C)N,Frag_305,-228.459658
C/C(N)=C(\C)O,Frag_306,-287.604200
C=NC(=C)N,Frag_307,-227.234989
CN=C(N)N,Frag_308,-244.518372
C=C(C)C(=C)N,Frag_309,-250.466119
C/C(N)=N\N,Frag_310,-244.486133
CN(N)C=N,Frag_311,-244.464856
N/N=N\N,Frag_312,-221.219469
N/C=N\N,Frag_313,-205.208824
C=NN=N,Frag_314,-203.963094
C=CNN,Frag_315,-189.134731
CNC(C)O,Frag_316,-249.509763
NC(O)C(N)O,Frag_317,-340.776494
C=C(N)NC,Frag_318,-228.444484
NC(N)=C(N)N,Frag_319,-299.831666
N=CNN,Frag_320,-205.204142
C/N=C\N,Frag_321,-189.176667
C=NC(=N)N,Frag_322,-243.305670
CC(N)=C(N)N,Frag_323,-283.776481
N=C(N)C(=N)N,Frag_324,-298.654795
C=C(N)C(=C)N,Frag_325,-266.521071
C=NN(C)C,Frag_326,-228.403170
C=C(N)C=N,Frag_327,-227.240457
C/C=N\N,Frag_328,-189.149455
C=C(N)CC,Frag_329,-212.397777
CC(C)(N)CN,Frag_330,-268.919197
C/C=[N+](\C)[O-],Frag_331,-248.264824
C=C[N+](=C)[O-],Frag_332,-247.050768
CC(C)=CN,Frag_333,-212.398476
C=[N+](C)[O-],Frag_334,-208.988633
C=C(C)C(=C)O,Frag_335,-270.338298
C=CC(N)=O,Frag_336,-247.150603
C/C(N)=C(/C)N,Frag_337,-267.722440
N=C(N)NN,Frag_338,-260.542342
CNCN,Frag_339,-190.360151
C=CC(C)=N,Frag_340,-211.190713
C=C(C)[N+](=C)[O-],Frag_341,-286.328185
C=CC=N,Frag_342,-171.908237
C=C(O)N(C)C,Frag_343,-287.581144
NC(N)=C(N)O,Frag_344,-319.704571
CC(=N)C(C)(N)N,Frag_345,-323.051560
CCC(C)(N)N,Frag_346,-268.925480
CC(C)=NO,Frag_347,-248.283839
CCC(C)=N,Frag_348,-212.403052
CNC=N,Frag_349,-189.174475
CC(=N)N(C)O,Frag_350,-303.599732
C=CN(C)O,Frag_351,-248.256251
C/C(N)=[N+](\C)[O-],Frag_352,-303.608930
C=C(C)C(C)N,Frag_353,-251.662576
C=C(N)C(C)=N,Frag_354,-266.522487
C/N=C(\N)O,Frag_355,-264.397347
COC(=N)N,Frag_356,-264.388683
CN(C)C(=N)O,Frag_357,-303.653920
C=C(N)C(N)=O,Frag_358,-302.484798
C=NN(N)N,Frag_359,-260.459457
C=CC(C)=O,Frag_360,-231.078783
C=CN(N)N,Frag_361,-244.429095
C=NN(C)N,Frag_362,-244.430860
CN(N)C(N)=O,Frag_363,-319.709834
NC(N)=O,Frag_364,-225.157107
C=CC(C)C,Frag_365,-196.338604
CCC(C)(C)C,Frag_366,-236.825830
CC(C)N(C)C,Frag_367,-252.850939
C=NC(C)=N,Frag_368,-227.243008
C=NOC,Frag_369,-208.980181
C/N=C(/N)O,Frag_370,-264.390384
N=C(N)ON,Frag_371,-280.393369
C=NON,Frag_372,-224.996727
C/C(N)=N\O,Frag_373,-264.347765
NON,Frag_374,-186.917014
C=C(N)N(C)N,Frag_375,-283.729433
CNNC,Frag_376,-190.321440
CNC(N)=O,Frag_377,-264.421560
CN(C)C(N)=O,Frag_378,-303.684955
CC(C)=[N+]([O-])O,Frag_379,-323.446287
C=[N+]([O-])ON,Frag_380,-300.148321
C=[N+]([O-])O,Frag_381,-244.884804
C=NNN,Frag_382,-205.162018
C/C(N)=C(\N)O,Frag_383,-303.652188
C=C(O)NC,Frag_384,-248.315901
CC(N)(N)CO,Frag_385,-304.849384
COC(C)(C)O,Frag_386,-308.665403
CC(C)(O)CN,Frag_387,-288.798064
CC(C)(C)O,Frag_388,-233.480316
CC(C)(N)ON,Frag_389,-304.795671
CC(C)(C)C(C)(N)O,Frag_390,-367.349901
CC(=N)C(C)(C)C,Frag_391,-290.950459
CC(C)(N)O,Frag_392,-249.533643
CNN=N,Frag_393,-205.173043
C=C(N)N=N,Frag_394,-243.254751
C/N=N\N,Frag_395,-205.174701
CC(C)CO,Frag_396,-233.471536
CN(N)N=N,Frag_397,-260.459927
C=C(N)ON,Frag_398,-264.313861
C/C=C(/C)O,Frag_399,-232.275595
C=NC(=C)O,Frag_400,-247.108444
CC(C)=[N+](C)[O-],Frag_401,-287.547406
N=C(N)N(N)N,Frag_402,-315.840139
CC(=O)N(C)N,Frag_403,-303.646835
NCC(N)=O,Frag_404,-264.413297
CN(C)C(=N)N,Frag_405,-283.779696
N/C=C\N,Frag_406,-189.170288
CC(N)C(C)(C)N,Frag_407,-308.195010
CC(O)C(C)(N)N,Frag_408,-344.127200
CC(O)C(O)O,Frag_409,-344.600061
CN(C)CN,Frag_410,-229.626310
C/C(N)=[N+](\N)[O-],Frag_411,-319.642371
C=[N+]([O-])N(C)N,Frag_412,-319.578466
C=[N+](N)[O-],Frag_413,-225.020066
CC(N)CN,Frag_414,-229.644997
C=C(C)C(C)C,Frag_415,-235.616627
