Smiles,MolName,Enthalpy(Hartree)
c1ccccc1,Frag_1,-232.097606
C=C(C)OC,Frag_2,-232.271772
C=CC,Frag_3,-117.798849
C1=CCCC1,Frag_4,-195.173349
C=C(C)C#N,Frag_5,-210.016959
c1cc[nH]c1,Frag_6,-210.045479
C=C(C)N,Frag_7,-173.137250
C=CN,Frag_8,-133.851487
C=C(C)C(=C)C,Frag_9,-234.435651
c1ccncc1,Frag_10,-248.140334
C=C(C)C(=O)O,Frag_11,-306.322995
C=C(C)C(N)=O,Frag_12,-286.447620
C=C(C)C(C)=O,Frag_13,-270.374639
CC(=O)C(C)=O,Frag_14,-306.313207
CC(C)=O,Frag_15,-193.028363
CCC,Frag_18,-119.013429
C1CC1,Frag_19,-117.790192
C=C(C)NC,Frag_21,-212.403442
CNC,Frag_22,-135.043877
COC,Frag_23,-154.909447
C=C(C)CC,Frag_24,-196.361623
C1NCNCN1,Frag_27,-283.787058
CN(C)[N+](=O)[O-],Frag_28,-339.496946
CC[N+](=O)[O-],Frag_29,-284.194881
CCCN,Frag_30,-174.334964
CCN,Frag_31,-135.056451
CC(C)[N+](=O)[O-],Frag_32,-323.478840
CO[N+](=O)[O-],Frag_33,-320.072014
CCON,Frag_34,-210.194491
CCCO,Frag_35,-194.207884
CON,Frag_36,-170.915416
CCO,Frag_37,-154.929388
CC(C)ON,Frag_38,-249.483178
c1ccoc1,Frag_39,-229.900200
C=C(O)[N+](=O)[O-],Frag_40,-358.187447
C=CO,Frag_41,-153.719729
CCCC,Frag_43,-158.291399
CC(C)(C)[N+](=O)[O-],Frag_44,-362.761949
CCN(C)N,Frag_45,-229.622406
CN(C)N,Frag_46,-190.336538
NC[N+](=O)[O-],Frag_47,-300.244847
NCN,Frag_48,-151.103754
CC(C)(C)CO,Frag_49,-272.771533
CC(C)(C)C,Frag_50,-197.577239
CN(C)N=O,Frag_52,-264.329309
C=C(C)O,Frag_53,-193.009402
C=C(C)[N+](=O)[O-],Frag_54,-322.262721
C=C(C)C,Frag_55,-157.084017
C=C(C)CN,Frag_57,-212.404517
C=C[N+](=O)[O-],Frag_58,-282.975598
CC(O)CO,Frag_59,-269.406708
CC(C)O,Frag_60,-194.213787
C1CCNC1,Frag_64,-212.418656
CC(N)C(=O)O,Frag_65,-323.577644
COC(C)=O,Frag_66,-268.237653
CC(=O)O,Frag_67,-228.968445
CC(O)O,Frag_71,-230.137966
CC(C)=C(C)C,Frag_73,-235.644773
C/N=[N+](/C)[O-],Frag_74,-264.323236
C=C(C)N=N,Frag_75,-227.224106
C=C(C)[N+](=N)[O-],Frag_76,-302.385092
C[N+](=N)[O-],Frag_77,-225.036921
CN=N,Frag_78,-149.862751
CC(=O)N(C)C,Frag_79,-287.639931
CN(C)C,Frag_80,-174.317064
C=CCC,Frag_81,-157.077035
CC=C(C)C,Frag_82,-196.364979
C=NC,Frag_83,-133.840114
CC=N,Frag_84,-133.855388
C=CC(=C)C,Frag_85,-195.153057
C/C=C\C,Frag_86,-157.080485
C=CC=C,Frag_87,-155.868732
C/C(N)=C(\C)N,Frag_88,-267.748201
C=CC(=C)N,Frag_89,-211.204715
C/C=C(\C)N,Frag_90,-212.415783
C=CC(=C)O,Frag_92,-231.074449
C=C(N)C(=C)O,Frag_93,-286.410892
C/C=C(\C)O,Frag_94,-232.286126
C=C(N)O,Frag_95,-209.062358
CC(C)=C(C)N,Frag_96,-251.697474
COC(C)O,Frag_97,-269.401751
CN(N)CN,Frag_98,-245.663766
CC(C)C,Frag_99,-158.294732
CNC(C)C,Frag_100,-213.606805
CCNC,Frag_101,-174.323686
CCC(C)N,Frag_102,-213.617918
C/C=N\C,Frag_103,-173.123303
C=CN=C,Frag_104,-171.911446
C=C(C)C=N,Frag_105,-211.201676
C/C=C\N,Frag_106,-173.132511
C=C(N)OC,Frag_107,-248.323994
C=COC,Frag_108,-192.984627
C/C=C(/N)O,Frag_109,-248.340652
C/C=C\O,Frag_110,-193.002928
CC(C)N,Frag_111,-174.339354
C/C=C(/C)N,Frag_112,-212.418350
CCC(C)C,Frag_113,-197.572789
C1CNC1,Frag_116,-173.108789
CC(C)(N)[N+](=O)[O-],Frag_117,-378.806911
CN(C)C=O,Frag_118,-248.355969
C1C2CC3CC2CC13,Frag_119,-311.808837
CNC(C)=O,Frag_120,-248.371305
CCC(N)=O,Frag_121,-248.379627
CC(N)=O,Frag_122,-209.100789
C=C(C)N(C)C,Frag_123,-251.674762
CC(=N)N,Frag_124,-189.204060
c1c[nH]cn1,Frag_125,-226.100320
C=C(N)[N+](=O)[O-],Frag_126,-338.314701
CCN(C)C,Frag_127,-213.597077
N=CN,Frag_128,-149.919400
N=C1NCCN1,Frag_129,-282.620849
C=N[N+](=O)[O-],Frag_130,-299.003221
C=N,Frag_131,-94.565763
CC(=O)NN,Frag_132,-264.390356
N=C(N)[N+](=O)[O-],Frag_133,-354.374446
c1cn[nH]c1,Frag_134,-226.084608
c1nnn[nH]1,Frag_135,-258.154299
CC(=N)N(C)N,Frag_136,-283.768219
CNN,Frag_137,-151.067559
C=C1NCCN1,Frag_138,-266.547042
CC(N)O,Frag_139,-210.259957
C12C3C4C1C1C2C3C41,Frag_140,-309.284452
c1nc[nH]n1,Frag_141,-242.141900
C=C(N)C#N,Frag_142,-226.065824
c1cnccn1,Frag_143,-264.179803
CC(=N)[N+](=O)[O-],Frag_144,-338.320953
C=C(N)N,Frag_145,-189.190687
C=C1CCCN1,Frag_146,-250.502767
C=C,Frag_147,-78.514782
C=NNC,Frag_148,-189.146263
CC(C)=NN,Frag_149,-228.446180
C=C(C)NN,Frag_150,-228.425681
C=NN,Frag_151,-149.874095
CC(C)(N)CO,Frag_152,-288.817765
CN(C)C(C)(C)C,Frag_153,-292.156553
[O-][n+]1ccccc1,Frag_154,-323.290077
C1=C\C=C/C=C\C=C/1,Frag_155,-309.387861
CC(C)C(=N)N,Frag_156,-267.762507
C1COC1,Frag_157,-192.979345
C=C(C)N(C)N,Frag_158,-267.698766
O=c1cccc[nH]1,Frag_159,-323.360409
COC(N)=O,Frag_160,-284.302843
CNC(=O)O,Frag_161,-284.301168
NC(=O)O,Frag_162,-245.042543
c1ccc2c(c1)CN2,Frag_163,-325.470692
CNC(=N)N,Frag_164,-244.532090
N=C1NCNCN1,Frag_165,-337.934308
C=C(C)C(C)=N,Frag_166,-250.488185
C/C=C/N,Frag_168,-173.131998
C=CN(C)C,Frag_169,-212.392864
C1Cn2nnnc2N1,Frag_170,-390.840028
N=C1CCCC1,Frag_171,-250.514098
C=NO,Frag_172,-169.732108
N=c1cccc[nH]1,Frag_173,-303.464100
CN(C)O,Frag_174,-210.199585
CN[N+](=O)[O-],Frag_175,-300.224810
CC(=N)NN,Frag_176,-244.493228
C1CN1,Frag_177,-133.826034
CC(C)=N,Frag_180,-173.142783
c1cn2c(n1)OCC2,Frag_181,-378.649552
NN=C(N)N,Frag_182,-260.558772
CN(N)C(=N)N,Frag_183,-299.821680
N=C(N)N,Frag_184,-205.261515
c1cn[nH]n1,Frag_185,-242.123244
NN(N)N,Frag_186,-222.397563
NNN,Frag_187,-167.093857
CC(=O)N=N,Frag_188,-263.160102
CN=[N+]=[N-],Frag_189,-203.994177
C=C1C=CC=CC1=O,Frag_190,-345.350336
C=CNC,Frag_191,-173.122092
CN(N)[N+](=O)[O-],Frag_192,-355.514606
O=C1NCCN1,Frag_193,-302.522259
C1=CC2CC1C1CC21,Frag_194,-310.585043
C1CC12CC2,Frag_199,-195.121140
C/N=N/N,Frag_200,-205.193194
CN(C)N=N,Frag_201,-244.464675
N=NN,Frag_202,-165.918379
CNC(C)=N,Frag_203,-228.470539
CN(N)C#N,Frag_204,-243.273124
CCOC,Frag_205,-194.190978
CC(N)CO,Frag_206,-249.533582
C/C(N)=C\N,Frag_207,-228.460170
NCCN,Frag_208,-190.377301
c1ncon1,Frag_209,-261.980944
c1cnon1,Frag_210,-261.943207
CC(=N)C(=N)N,Frag_211,-282.607949
N=C(N)O,Frag_212,-225.134519
N=CO,Frag_213,-169.785081
C=C(N)NN,Frag_214,-244.478726
O=c1cc[nH][nH]1,Frag_215,-301.282340
C1CNCNC1,Frag_216,-267.744709
C1CCNCNC1,Frag_217,-307.013485
C=C1NCCCCN1,Frag_218,-345.098331
NCC(=O)O,Frag_219,-284.297993
O=c1cc[nH]c(=O)[nH]1,Frag_220,-414.650332
CCC#N,Frag_221,-171.948686
CC(N)C(C)O,Frag_222,-288.821767
C=C(C)C(C)O,Frag_223,-271.559313
CC(O)C(C)(C)N,Frag_224,-328.100037
CC(C)(C)N,Frag_225,-213.622965
[O-][n+]1ccno1,Frag_226,-337.088739
N=C1NCCCCN1,Frag_227,-361.174771
NCCO,Frag_228,-210.251760
C1CNCN1,Frag_230,-228.456918
N=c1[nH]cn[nH]1,Frag_231,-297.462431
N=NC(=N)N,Frag_232,-259.342945
C/C=N/O,Frag_233,-209.012229
C=C(C)CO,Frag_234,-232.277421
C/C=[N+](/C)[O-],Frag_235,-248.285730
C1COCOC1,Frag_236,-307.484301
CC(C)(N)N=O,Frag_237,-303.604613
CC(C)(O)O,Frag_238,-269.424426
C#CCN,Frag_239,-171.880862
C=CN(C)N,Frag_240,-228.415581
C/C=N/N,Frag_241,-189.160190
CC(C)(C)ON,Frag_242,-288.767121
CCC(C)(C)O,Frag_243,-272.776130
C1=NOCC1,Frag_244,-247.100388
CC(C)(O)[N+](=O)[O-],Frag_245,-398.686183
CC(N)(O)C#N,Frag_246,-302.474571
CC(=N)C#N,Frag_247,-226.065686
O=c1[nH]cn[nH]1,Frag_248,-317.364685
CNC=O,Frag_249,-209.083375
c1c[nH]nn1,Frag_250,-242.117005
C1CCOC1,Frag_251,-232.288926
CC(C)CN,Frag_252,-213.615251
c1nn[nH]n1,Frag_253,-258.157980
NCN(N)N,Frag_254,-261.690636
c1cnoc1,Frag_255,-245.922076
CC(=N)C(=O)O,Frag_256,-322.369691
C/C=N\O,Frag_257,-209.010453
C=C(O)C=N,Frag_258,-247.126981
N=C(N)CO,Frag_259,-264.397943
CC(=O)C=N,Frag_260,-247.140401
CC=[N+]=[N-],Frag_261,-187.948443
C1=CC1,Frag_262,-116.534340
CN(N)N,Frag_268,-206.364028
O=C1CNC(=O)CN1,Frag_269,-415.822853
CC(O)CN,Frag_272,-249.534540
CN(C)C=N,Frag_273,-228.457038
C/N=C/N,Frag_274,-189.189507
C=NC(=C)C,Frag_275,-211.195003
NNC(N)=O,Frag_276,-280.457626
CC(=O)CN,Frag_277,-248.350986
C1NCC2CC12,Frag_278,-250.483605
CC(C)C(C)N,Frag_279,-252.897504
CC(=O)NO,Frag_280,-284.244505
CN=C=O,Frag_281,-207.885889
C/C(N)=N/O,Frag_282,-264.366255
C=C(C)C(=N)N,Frag_283,-266.553713
[O-][n+]1ccn[nH]1,Frag_284,-317.258203
C1CNCCN1,Frag_285,-267.740965
C=C(N)C(=N)N,Frag_286,-282.607638
CC(N)C(C)N,Frag_287,-268.944319
C=CC(=N)N,Frag_288,-227.269557
CC(C)(N)C#N,Frag_289,-266.555898
CC(C)C(C)(C)N,Frag_290,-292.179281
CC(C)C(C)C,Frag_291,-236.852134
CC(N)C(C)(C)C,Frag_292,-292.178498
C=C(C)C(C)(C)N,Frag_293,-290.968140
C=CC(C)(C)N,Frag_294,-251.685578
CC(C)(C)C(C)(C)C,Frag_295,-315.410848
CC(C)(C)C(C)(C)N,Frag_296,-331.458558
CC(C)(N)C(N)=O,Frag_297,-342.987658
CCC(C)(C)N,Frag_298,-252.900813
CC(N)(N)CN,Frag_299,-284.997022
CC(C)(N)N,Frag_300,-229.671981
C/N=C(\C)N,Frag_301,-228.472898
C=C(N)N(C)C,Frag_302,-267.728036
CC(=N)N(C)C,Frag_303,-267.740839
NC=C(N)N,Frag_304,-244.517253
C/N=C(/C)N,Frag_305,-228.474785
C/C(N)=C(\C)O,Frag_306,-287.623400
C=NC(=C)N,Frag_307,-227.248416
CN=C(N)N,Frag_308,-244.532175
C=C(C)C(=C)N,Frag_309,-250.487341
C/C(N)=N\N,Frag_310,-244.500045
CN(N)C=N,Frag_311,-244.479072
N/N=N\N,Frag_312,-221.227122
N/C=N\N,Frag_313,-205.217764
C=NN=N,Frag_314,-203.969697
C=CNN,Frag_315,-189.145221
CNC(C)O,Frag_316,-249.525767
NC(O)C(N)O,Frag_317,-340.793629
C=C(N)NC,Frag_318,-228.460011
NC(N)=C(N)N,Frag_319,-299.849967
N=CNN,Frag_320,-205.213105
C/N=C\N,Frag_321,-189.186893
C=NC(=N)N,Frag_322,-243.317602
CC(N)=C(N)N,Frag_323,-283.796337
N=C(N)C(=N)N,Frag_324,-298.671125
C=C(N)C(=C)N,Frag_325,-266.540715
C=NN(C)C,Frag_326,-228.418503
C=C(N)C=N,Frag_327,-227.254212
C/C=N\N,Frag_328,-189.159717
C=C(N)CC,Frag_329,-212.414905
CC(C)(N)CN,Frag_330,-268.944224
C/C=[N+](\C)[O-],Frag_331,-248.278335
C=C[N+](=C)[O-],Frag_332,-247.062257
CC(C)=CN,Frag_333,-212.415321
C=[N+](C)[O-],Frag_334,-208.997219
C=C(C)C(=C)O,Frag_335,-270.357480
C=CC(N)=O,Frag_336,-247.162321
C/C(N)=C(/C)N,Frag_337,-267.743814
N=C(N)NN,Frag_338,-260.555110
CNCN,Frag_339,-190.372345
C=CC(C)=N,Frag_340,-211.205461
C=C(C)[N+](=C)[O-],Frag_341,-286.345559
C=CC=N,Frag_342,-171.917832
C=C(O)N(C)C,Frag_343,-287.600632
NC(N)=C(N)O,Frag_344,-319.720808
CC(=N)C(C)(N)N,Frag_345,-323.078877
CCC(C)(N)N,Frag_346,-268.950341
CC(C)=NO,Frag_347,-248.297586
CCC(C)=N,Frag_348,-212.420143
CNC=N,Frag_349,-189.184279
CC(=N)N(C)O,Frag_350,-303.617471
C=CN(C)O,Frag_351,-248.269069
C/C(N)=[N+](\C)[O-],Frag_352,-303.626542
C=C(C)C(C)N,Frag_353,-251.686104
C=C(N)C(C)=N,Frag_354,-266.541969
C/N=C(\N)O,Frag_355,-264.409411
COC(=N)N,Frag_356,-264.400337
CN(C)C(=N)O,Frag_357,-303.671878
C=C(N)C(N)=O,Frag_358,-302.500649
C=NN(N)N,Frag_359,-260.471873
C=CC(C)=O,Frag_360,-231.091527
C=CN(N)N,Frag_361,-244.443334
C=NN(C)N,Frag_362,-244.444642
CN(N)C(N)=O,Frag_363,-319.726163
NC(N)=O,Frag_364,-225.164465
C=CC(C)C,Frag_365,-196.357585
CCC(C)(C)C,Frag_366,-236.854266
CC(C)N(C)C,Frag_367,-252.877028
C=NC(C)=N,Frag_368,-227.256247
C=NOC,Frag_369,-208.988682
C/N=C(/N)O,Frag_370,-264.402009
N=C(N)ON,Frag_371,-280.403717
C=NON,Frag_372,-225.003292
C/C(N)=N\O,Frag_373,-264.359788
NON,Frag_374,-186.921377
C=C(N)N(C)N,Frag_375,-283.749648
CNNC,Frag_376,-190.332852
CNC(N)=O,Frag_377,-264.433375
CN(C)C(N)=O,Frag_378,-303.702726
CC(C)=[N+]([O-])O,Frag_379,-323.461839
C=[N+]([O-])ON,Frag_380,-300.157079
C=[N+]([O-])O,Frag_381,-244.890587
C=NNN,Frag_382,-205.170382
C/C(N)=C(\N)O,Frag_383,-303.669927
C=C(O)NC,Frag_384,-248.329621
CC(N)(N)CO,Frag_385,-304.870929
COC(C)(C)O,Frag_386,-308.685013
CC(C)(O)CN,Frag_387,-288.820571
CC(C)(C)O,Frag_388,-233.498476
CC(C)(N)ON,Frag_389,-304.816013
CC(C)(C)C(C)(N)O,Frag_390,-367.387575
CC(=N)C(C)(C)C,Frag_391,-290.981523
CC(C)(N)O,Frag_392,-249.550213
CNN=N,Frag_393,-205.182085
C=C(N)N=N,Frag_394,-243.266968
C/N=N\N,Frag_395,-205.183642
CC(C)CO,Frag_396,-233.489153
CN(N)N=N,Frag_397,-260.472643
C=C(N)ON,Frag_398,-264.325605
C/C=C(/C)O,Frag_399,-232.290245
C=NC(=C)O,Frag_400,-247.120083
CC(C)=[N+](C)[O-],Frag_401,-287.566509
N=C(N)N(N)N,Frag_402,-315.857048
CC(=O)N(C)N,Frag_403,-303.664351
NCC(N)=O,Frag_404,-264.425611
CN(C)C(=N)N,Frag_405,-283.799566
N/C=C\N,Frag_406,-189.180578
CC(N)C(C)(C)N,Frag_407,-308.227250
CC(O)C(C)(N)N,Frag_408,-344.155401
CC(O)C(O)O,Frag_409,-344.616380
CN(C)CN,Frag_410,-229.643964
C/C(N)=[N+](\N)[O-],Frag_411,-319.658404
C=[N+]([O-])N(C)N,Frag_412,-319.594756
C=[N+](N)[O-],Frag_413,-225.027419
CC(N)CN,Frag_414,-229.662952
C=C(C)C(C)C,Frag_415,-235.641877
