Smiles,MolName,Enthalpy(Hartree)
c1ccccc1,Frag_1,-231.914214
C=C(C)OC,Frag_2,-232.101386
C=CC,Frag_3,-117.700188
C1=CCCC1,Frag_4,-195.014326
C=C(C)C#N,Frag_5,-209.860400
c1cc[nH]c1,Frag_6,-209.887249
C=C(C)N,Frag_7,-172.999840
C=CN,Frag_8,-133.746651
C=C(C)C(=C)C,Frag_9,-234.241885
c1ccncc1,Frag_10,-247.952764
C=C(C)C(=O)O,Frag_11,-306.119553
C=C(C)C(N)=O,Frag_12,-286.245183
C=C(C)C(C)=O,Frag_13,-270.176653
CC(=O)C(C)=O,Frag_14,-306.110341
CC(C)=O,Frag_15,-192.890834
C1CCCC1,Frag_16,-196.218940
CC(C)C#N,Frag_17,-211.068433
CCC,Frag_18,-118.910932
C1CC1,Frag_19,-117.693180
C=C(C)C1CC1,Frag_20,-234.230072
C=C(C)NC,Frag_21,-212.234179
CNC,Frag_22,-134.935117
COC,Frag_23,-154.798394
C=C(C)CC,Frag_24,-196.197358
NC(N)[N+](=O)[O-],Frag_25,-355.349103
NC(N)N,Frag_26,-206.279767
C1NCNCN1,Frag_27,-283.576313
CN(C)[N+](=O)[O-],Frag_28,-339.276613
CC[N+](=O)[O-],Frag_29,-284.010944
CCCN,Frag_30,-174.193541
CCN,Frag_31,-134.947178
CC(C)[N+](=O)[O-],Frag_32,-323.262442
CO[N+](=O)[O-],Frag_33,-319.880665
CCON,Frag_34,-210.044681
CCCO,Frag_35,-194.063680
CON,Frag_36,-170.797435
CCO,Frag_37,-154.816729
CC(C)ON,Frag_38,-249.301941
c1ccoc1,Frag_39,-229.740752
C=C(O)[N+](=O)[O-],Frag_40,-357.967251
C=CO,Frag_41,-153.611677
C1NCNCNCN1,Frag_42,-378.096756
CCCC,Frag_43,-158.156246
CC(C)(C)[N+](=O)[O-],Frag_44,-362.513991
CCN(C)N,Frag_45,-229.444630
CN(C)N,Frag_46,-190.189685
NC[N+](=O)[O-],Frag_47,-300.054882
NCN,Frag_48,-150.987662
CC(C)(C)CO,Frag_49,-272.562949
CC(C)(C)C,Frag_50,-197.409426
C1CCNCC1,Frag_51,-251.504537
CN(C)N=O,Frag_52,-264.148437
C=C(C)O,Frag_53,-192.870211
C=C(C)[N+](=O)[O-],Frag_54,-322.050328
C=C(C)C,Frag_55,-156.952502
C[N+](=O)[O-],Frag_56,-244.759773
C=C(C)CN,Frag_57,-212.234043
C=C[N+](=O)[O-],Frag_58,-282.795173
CC(O)CO,Frag_59,-269.220752
CC(C)O,Frag_60,-194.069792
CC(N)[N+](=O)[O-],Frag_61,-339.307805
CCC(N)N,Frag_62,-229.487251
CC(N)N,Frag_63,-190.240126
C1CCNC1,Frag_64,-212.249334
CC(N)C(=O)O,Frag_65,-323.363642
COC(C)=O,Frag_66,-268.062765
CC(=O)O,Frag_67,-228.823062
C1CCC1,Frag_68,-156.942469
CC(C)C(=O)O,Frag_69,-307.325809
C1OCOCO1,Frag_70,-343.181486
CC(O)O,Frag_71,-229.985377
OCO,Frag_72,-190.734371
CC(C)=C(C)C,Frag_73,-235.447506
C/N=[N+](/C)[O-],Frag_74,-264.141414
C=C(C)N=N,Frag_75,-227.053585
C=C(C)[N+](=N)[O-],Frag_76,-302.172319
C[N+](=N)[O-],Frag_77,-224.883872
CN=N,Frag_78,-149.752484
CC(=O)N(C)C,Frag_79,-287.434109
CN(C)C,Frag_80,-174.176976
C=CCC,Frag_81,-156.945799
CC=C(C)C,Frag_82,-196.200943
C=NC,Frag_83,-133.736417
CC=N,Frag_84,-133.750889
C=CC(=C)C,Frag_85,-194.987813
C/C=C\C,Frag_86,-156.949413
C=CC=C,Frag_87,-155.741311
C/C(N)=C(\C)N,Frag_88,-267.539800
C=CC(=C)N,Frag_89,-211.038757
C/C=C(\C)N,Frag_90,-212.246002
C/C(O)=C(\C)O,Frag_91,-307.280907
C=CC(=C)O,Frag_92,-230.906113
C=C(N)C(=C)O,Frag_93,-286.204169
C/C=C(\C)O,Frag_94,-232.113749
C=C(N)O,Frag_95,-208.915469
CC(C)=C(C)N,Frag_96,-251.494548
COC(C)O,Frag_97,-269.222494
CN(N)CN,Frag_98,-245.478046
CC(C)C,Frag_99,-158.159641
CNC(C)C,Frag_100,-213.433855
CCNC,Frag_101,-174.184469
CCC(C)N,Frag_102,-213.444593
C/C=N\C,Frag_103,-172.987247
C=CN=C,Frag_104,-171.777149
C=C(C)C=N,Frag_105,-211.041099
C/C=C\N,Frag_106,-172.995199
C=C(N)OC,Frag_107,-248.143020
C=COC,Frag_108,-192.846540
C/C=C(/N)O,Frag_109,-248.164313
C/C=C\O,Frag_110,-192.863575
CC(C)N,Frag_111,-174.197923
C/C=C(/C)N,Frag_112,-212.248432
CCC(C)C,Frag_113,-197.404938
CC1CCC1,Frag_114,-196.193135
CN=[N+](C)[O-],Frag_115,-264.141414
