Smiles,MolName,Enthalpy(Hartree)
c1ccccc1,Frag_1,-232.082641
C=C(C)OC,Frag_2,-232.266782
C=CC,Frag_3,-117.791831
C1=CCCC1,Frag_4,-195.161335
C=C(C)C#N,Frag_5,-210.011270
c1cc[nH]c1,Frag_6,-210.036847
C=C(C)N,Frag_7,-173.130154
C=CN,Frag_8,-133.847122
C=C(C)C(=C)C,Frag_9,-234.420202
c1ccncc1,Frag_10,-248.128913
C=C(C)C(=O)O,Frag_11,-306.324438
C=C(C)C(N)=O,Frag_12,-286.444325
C=C(C)C(C)=O,Frag_13,-270.368554
CC(=O)C(C)=O,Frag_14,-306.317013
CC(C)=O,Frag_15,-193.026871
CCC,Frag_18,-119.005404
C1CC1,Frag_19,-117.782459
C=C(C)NC,Frag_21,-212.393712
CNC,Frag_22,-135.038846
COC,Frag_23,-154.908465
C=C(C)CC,Frag_24,-196.349383
C1NCNCN1,Frag_27,-283.781828
CN(C)[N+](=O)[O-],Frag_28,-339.497578
CC[N+](=O)[O-],Frag_29,-284.196775
CCCN,Frag_30,-174.327961
CCN,Frag_31,-135.051628
CC(C)[N+](=O)[O-],Frag_32,-323.478257
CO[N+](=O)[O-],Frag_33,-320.078798
CCON,Frag_34,-210.193459
CCCO,Frag_35,-194.204972
CON,Frag_36,-170.916940
CCO,Frag_37,-154.928578
CC(C)ON,Frag_38,-249.480243
c1ccoc1,Frag_39,-229.896336
C=C(O)[N+](=O)[O-],Frag_40,-358.192815
C=CO,Frag_41,-153.720034
CCCC,Frag_43,-158.281201
CC(C)(C)[N+](=O)[O-],Frag_44,-362.758921
CCN(C)N,Frag_45,-229.615285
CN(C)N,Frag_46,-190.331815
NC[N+](=O)[O-],Frag_47,-300.249674
NCN,Frag_48,-151.102063
CC(C)(C)CO,Frag_49,-272.764056
CC(C)(C)C,Frag_50,-197.564666
CN(C)N=O,Frag_52,-264.328122
C=C(C)O,Frag_53,-193.006881
C=C(C)[N+](=O)[O-],Frag_54,-322.261825
C=C(C)C,Frag_55,-157.074089
C=C(C)CN,Frag_57,-212.395391
C=C[N+](=O)[O-],Frag_58,-282.978068
CC(O)CO,Frag_59,-269.408991
CC(C)O,Frag_60,-194.210951
C1CCNC1,Frag_64,-212.409258
CC(N)C(=O)O,Frag_65,-323.581936
COC(C)=O,Frag_66,-268.241131
CC(=O)O,Frag_67,-228.974330
CC(O)O,Frag_71,-230.142445
CC(C)=C(C)C,Frag_73,-235.628170
C/N=[N+](/C)[O-],Frag_74,-264.320307
C=C(C)N=N,Frag_75,-227.217674
C=C(C)[N+](=N)[O-],Frag_76,-302.379224
C[N+](=N)[O-],Frag_77,-225.036272
CN=N,Frag_78,-149.860899
CC(=O)N(C)C,Frag_79,-287.635165
CN(C)C,Frag_80,-174.309503
C=CCC,Frag_81,-157.067742
CC=C(C)C,Frag_82,-196.351975
C=NC,Frag_83,-133.836201
CC=N,Frag_84,-133.851677
C=CC(=C)C,Frag_85,-195.140624
C/C=C\C,Frag_86,-157.070260
C=CC=C,Frag_87,-155.859290
C/C(N)=C(\C)N,Frag_88,-267.738000
C=CC(=C)N,Frag_89,-211.194803
C/C=C(\C)N,Frag_90,-212.405480
C=CC(=C)O,Frag_92,-231.068855
C=C(N)C(=C)O,Frag_93,-286.405341
C/C=C(\C)O,Frag_94,-232.280399
C=C(N)O,Frag_95,-209.062840
CC(C)=C(C)N,Frag_96,-251.683889
COC(C)O,Frag_97,-269.403908
CN(N)CN,Frag_98,-245.659867
CC(C)C,Frag_99,-158.284503
CNC(C)C,Frag_100,-213.597380
CCNC,Frag_101,-174.316520
CCC(C)N,Frag_102,-213.608868
C/C=N\C,Frag_103,-173.116612
C=CN=C,Frag_104,-171.905213
C=C(C)C=N,Frag_105,-211.193236
C/C=C\N,Frag_106,-173.125196
C=C(N)OC,Frag_107,-248.322021
C=COC,Frag_108,-192.982360
C/C=C(/N)O,Frag_109,-248.337963
C/C=C\O,Frag_110,-192.999916
CC(C)N,Frag_111,-174.332380
C/C=C(/C)N,Frag_112,-212.408226
CCC(C)C,Frag_113,-197.560406
C1CNC1,Frag_116,-173.103050
CC(C)(N)[N+](=O)[O-],Frag_117,-378.807005
CN(C)C=O,Frag_118,-248.353994
C1C2CC3CC2CC13,Frag_119,-311.787346
CNC(C)=O,Frag_120,-248.369877
CCC(N)=O,Frag_121,-248.378773
CC(N)=O,Frag_122,-209.102208
C=C(C)N(C)C,Frag_123,-251.662020
CC(=N)N,Frag_124,-189.200460
c1c[nH]cn1,Frag_125,-226.095598
C=C(N)[N+](=O)[O-],Frag_126,-338.315458
CCN(C)C,Frag_127,-213.587345
N=CN,Frag_128,-149.918418
N=C1NCCN1,Frag_129,-282.615618
C=N[N+](=O)[O-],Frag_130,-299.008329
C=N,Frag_131,-94.564867
CC(=O)NN,Frag_132,-264.391920
N=C(N)[N+](=O)[O-],Frag_133,-354.379329
c1cn[nH]c1,Frag_134,-226.078909
c1nnn[nH]1,Frag_135,-258.154457
CC(=N)N(C)N,Frag_136,-283.761799
CNN,Frag_137,-151.065170
C=C1NCCN1,Frag_138,-266.538236
CC(N)O,Frag_139,-210.260300
C12C3C4C1C1C2C3C41,Frag_140,-309.271162
c1nc[nH]n1,Frag_141,-242.140513
C=C(N)C#N,Frag_142,-226.062628
c1cnccn1,Frag_143,-264.171805
CC(=N)[N+](=O)[O-],Frag_144,-338.323403
C=C(N)N,Frag_145,-189.186642
C=C1CCCN1,Frag_146,-250.490916
C=C,Frag_147,-78.510636
C=NNC,Frag_148,-189.141280
CC(C)=NN,Frag_149,-228.438637
C=C(C)NN,Frag_150,-228.418647
C=NN,Frag_151,-149.871888
CC(C)(N)CO,Frag_152,-288.813503
CN(C)C(C)(C)C,Frag_153,-292.141778
[O-][n+]1ccccc1,Frag_154,-323.278519
C1=C\C=C/C=C\C=C/1,Frag_155,-309.368132
CC(C)C(=N)N,Frag_156,-267.754102
C1COC1,Frag_157,-192.977585
C=C(C)N(C)N,Frag_158,-267.688908
O=c1cccc[nH]1,Frag_159,-323.352861
COC(N)=O,Frag_160,-284.309621
CNC(=O)O,Frag_161,-284.307455
NC(=O)O,Frag_162,-245.051665
c1ccc2c(c1)CN2,Frag_163,-325.453757
CNC(=N)N,Frag_164,-244.529058
N=C1NCNCN1,Frag_165,-337.929351
C=C(C)C(C)=N,Frag_166,-250.477126
C/C=C/N,Frag_168,-173.124733
C=CN(C)C,Frag_169,-212.382974
C1Cn2nnnc2N1,Frag_170,-390.835558
N=C1CCCC1,Frag_171,-250.503279
C=NO,Frag_172,-169.734872
N=c1cccc[nH]1,Frag_173,-303.451366
CN(C)O,Frag_174,-210.198977
CN[N+](=O)[O-],Frag_175,-300.228265
CC(=N)NN,Frag_176,-244.489719
C1CN1,Frag_177,-133.821738
CC(C)=N,Frag_180,-173.136360
c1cn2c(n1)OCC2,Frag_181,-378.645091
NN=C(N)N,Frag_182,-260.560021
CN(N)C(=N)N,Frag_183,-299.819793
N=C(N)N,Frag_184,-205.262892
c1cn[nH]n1,Frag_185,-242.120305
NN(N)N,Frag_186,-222.397956
NNN,Frag_187,-167.094215
CC(=O)N=N,Frag_188,-263.163041
CN=[N+]=[N-],Frag_189,-203.989633
C=C1C=CC=CC1=O,Frag_190,-345.337339
C=CNC,Frag_191,-173.115228
CN(N)[N+](=O)[O-],Frag_192,-355.517770
O=C1NCCN1,Frag_193,-302.522118
C1=CC2CC1C1CC21,Frag_194,-310.564067
C1CC12CC2,Frag_199,-195.108574
C/N=N/N,Frag_200,-205.190913
CN(C)N=N,Frag_201,-244.459246
N=NN,Frag_202,-165.918858
CNC(C)=N,Frag_203,-228.464244
CN(N)C#N,Frag_204,-243.271986
CCOC,Frag_205,-194.187847
CC(N)CO,Frag_206,-249.531733
C/C(N)=C\N,Frag_207,-228.453610
NCCN,Frag_208,-190.373657
c1ncon1,Frag_209,-261.984077
c1cnon1,Frag_210,-261.943982
CC(=N)C(=N)N,Frag_211,-282.602768
N=C(N)O,Frag_212,-225.138404
N=CO,Frag_213,-169.788582
C=C(N)NN,Frag_214,-244.474939
O=c1cc[nH][nH]1,Frag_215,-301.280748
C1CNCNC1,Frag_216,-267.736219
C1CCNCNC1,Frag_217,-307.002784
C=C1NCCCCN1,Frag_218,-345.084306
NCC(=O)O,Frag_219,-284.303872
O=c1cc[nH]c(=O)[nH]1,Frag_220,-414.652315
CCC#N,Frag_221,-171.945673
CC(N)C(C)O,Frag_222,-288.817275
C=C(C)C(C)O,Frag_223,-271.551897
CC(O)C(C)(C)N,Frag_224,-328.093561
CC(C)(C)N,Frag_225,-213.613758
[O-][n+]1ccno1,Frag_226,-337.087981
N=C1NCCCCN1,Frag_227,-361.164054
NCCO,Frag_228,-210.251992
C1CNCN1,Frag_230,-228.450719
N=c1[nH]cn[nH]1,Frag_231,-297.460067
N=NC(=N)N,Frag_232,-259.342936
C/C=N/O,Frag_233,-209.011440
C=C(C)CO,Frag_234,-232.272434
C/C=[N+](/C)[O-],Frag_235,-248.280082
C1COCOC1,Frag_236,-307.484054
CC(C)(N)N=O,Frag_237,-303.603871
CC(C)(O)O,Frag_238,-269.426742
C#CCN,Frag_239,-171.877367
C=CN(C)N,Frag_240,-228.408594
C/C=N/N,Frag_241,-189.155314
CC(C)(C)ON,Frag_242,-288.762032
CCC(C)(C)O,Frag_243,-272.769063
C1=NOCC1,Frag_244,-247.097902
CC(C)(O)[N+](=O)[O-],Frag_245,-398.690167
CC(N)(O)C#N,Frag_246,-302.477107
CC(=N)C#N,Frag_247,-226.063599
O=c1[nH]cn[nH]1,Frag_248,-317.367383
CNC=O,Frag_249,-209.084322
c1c[nH]nn1,Frag_250,-242.113879
C1CCOC1,Frag_251,-232.283660
CC(C)CN,Frag_252,-213.606092
c1nn[nH]n1,Frag_253,-258.158192
NCN(N)N,Frag_254,-261.689177
c1cnoc1,Frag_255,-245.920787
CC(=N)C(=O)O,Frag_256,-322.374632
C/C=N\O,Frag_257,-209.009698
C=C(O)C=N,Frag_258,-247.124624
N=C(N)CO,Frag_259,-264.399513
CC(=O)C=N,Frag_260,-247.140749
CC=[N+]=[N-],Frag_261,-187.942106
C1=CC1,Frag_262,-116.527585
CN(N)N,Frag_268,-206.361990
O=C1CNC(=O)CN1,Frag_269,-415.825793
CC(O)CN,Frag_272,-249.532853
CN(C)C=N,Frag_273,-228.450142
C/N=C/N,Frag_274,-189.185462
C=NC(=C)C,Frag_275,-211.185606
NNC(N)=O,Frag_276,-280.462169
CC(=O)CN,Frag_277,-248.349508
C1NCC2CC12,Frag_278,-250.471637
CC(C)C(C)N,Frag_279,-252.885891
CC(=O)NO,Frag_280,-284.248780
CN=C=O,Frag_281,-207.888670
C/C(N)=N/O,Frag_282,-264.366381
C=C(C)C(=N)N,Frag_283,-266.545015
[O-][n+]1ccn[nH]1,Frag_284,-317.255360
C1CNCCN1,Frag_285,-267.732367
C=C(N)C(=N)N,Frag_286,-282.601441
CC(N)C(C)N,Frag_287,-268.935798
C=CC(=N)N,Frag_288,-227.263965
CC(C)(N)C#N,Frag_289,-266.550945
CC(C)C(C)(C)N,Frag_290,-292.165362
CC(C)C(C)C,Frag_291,-236.837381
CC(N)C(C)(C)C,Frag_292,-292.164580
C=C(C)C(C)(C)N,Frag_293,-290.954172
C=CC(C)(C)N,Frag_294,-251.674565
CC(C)(C)C(C)(C)C,Frag_295,-315.391304
CC(C)(C)C(C)(C)N,Frag_296,-331.441921
CC(C)(N)C(N)=O,Frag_297,-342.984917
CCC(C)(C)N,Frag_298,-252.889336
CC(N)(N)CN,Frag_299,-284.991759
CC(C)(N)N,Frag_300,-229.665970
C/N=C(\C)N,Frag_301,-228.466298
C=C(N)N(C)C,Frag_302,-267.718456
CC(=N)N(C)C,Frag_303,-267.731342
NC=C(N)N,Frag_304,-244.513298
C/N=C(/C)N,Frag_305,-228.468252
C/C(N)=C(\C)O,Frag_306,-287.617443
C=NC(=C)N,Frag_307,-227.241812
CN=C(N)N,Frag_308,-244.528635
C=C(C)C(=C)N,Frag_309,-250.474772
C/C(N)=N\N,Frag_310,-244.495890
CN(N)C=N,Frag_311,-244.475228
N/N=N\N,Frag_312,-221.226994
N/C=N\N,Frag_313,-205.216267
C=NN=N,Frag_314,-203.969721
C=CNN,Frag_315,-189.140914
CNC(C)O,Frag_316,-249.523783
NC(O)C(N)O,Frag_317,-340.799798
C=C(N)NC,Frag_318,-228.453482
NC(N)=C(N)N,Frag_319,-299.845816
N=CNN,Frag_320,-205.212108
C/N=C\N,Frag_321,-189.183030
C=NC(=N)N,Frag_322,-243.315824
CC(N)=C(N)N,Frag_323,-283.791703
N=C(N)C(=N)N,Frag_324,-298.668583
C=C(N)C(=C)N,Frag_325,-266.530769
C=NN(C)C,Frag_326,-228.410692
C=C(N)C=N,Frag_327,-227.248398
C/C=N\N,Frag_328,-189.154886
C=C(N)CC,Frag_329,-212.405360
CC(C)(N)CN,Frag_330,-268.936009
C/C=[N+](\C)[O-],Frag_331,-248.272519
C=C[N+](=C)[O-],Frag_332,-247.057018
CC(C)=CN,Frag_333,-212.404781
C=[N+](C)[O-],Frag_334,-208.994203
C=C(C)C(=C)O,Frag_335,-270.349297
C=CC(N)=O,Frag_336,-247.162106
C/C(N)=C(/C)N,Frag_337,-267.733259
N=C(N)NN,Frag_338,-260.554562
CNCN,Frag_339,-190.368310
C=CC(C)=N,Frag_340,-211.197353
C=C(C)[N+](=C)[O-],Frag_341,-286.337409
C=CC=N,Frag_342,-171.912563
C=C(O)N(C)C,Frag_343,-287.595539
NC(N)=C(N)O,Frag_344,-319.717904
CC(=N)C(C)(N)N,Frag_345,-323.071205
CCC(C)(N)N,Frag_346,-268.942027
CC(C)=NO,Frag_347,-248.293988
CCC(C)=N,Frag_348,-212.411300
CNC=N,Frag_349,-189.180443
CC(=N)N(C)O,Frag_350,-303.615124
C=CN(C)O,Frag_351,-248.267020
C/C(N)=[N+](\C)[O-],Frag_352,-303.620881
C=C(C)C(C)N,Frag_353,-251.674812
C=C(N)C(C)=N,Frag_354,-266.533353
C/N=C(\N)O,Frag_355,-264.410616
COC(=N)N,Frag_356,-264.401950
CN(C)C(=N)O,Frag_357,-303.670130
C=C(N)C(N)=O,Frag_358,-302.499891
C=NN(N)N,Frag_359,-260.470143
C=CC(C)=O,Frag_360,-231.088589
C=CN(N)N,Frag_361,-244.438927
C=NN(C)N,Frag_362,-244.440008
CN(N)C(N)=O,Frag_363,-319.727970
NC(N)=O,Frag_364,-225.169127
C=CC(C)C,Frag_365,-196.345917
CCC(C)(C)C,Frag_366,-236.839476
CC(C)N(C)C,Frag_367,-252.864904
C=NC(C)=N,Frag_368,-227.251379
C=NOC,Frag_369,-208.988153
C/N=C(/N)O,Frag_370,-264.402907
N=C(N)ON,Frag_371,-280.407099
C=NON,Frag_372,-225.005641
C/C(N)=N\O,Frag_373,-264.360031
NON,Frag_374,-186.925195
C=C(N)N(C)N,Frag_375,-283.742535
CNNC,Frag_376,-190.328179
CNC(N)=O,Frag_377,-264.435475
CN(C)C(N)=O,Frag_378,-303.701510
CC(C)=[N+]([O-])O,Frag_379,-323.459034
C=[N+]([O-])ON,Frag_380,-300.157984
C=[N+]([O-])O,Frag_381,-244.893418
C=NNN,Frag_382,-205.168372
C/C(N)=C(\N)O,Frag_383,-303.666999
C=C(O)NC,Frag_384,-248.327559
CC(N)(N)CO,Frag_385,-304.869543
COC(C)(C)O,Frag_386,-308.684951
CC(C)(O)CN,Frag_387,-288.816381
CC(C)(C)O,Frag_388,-233.493355
CC(C)(N)ON,Frag_389,-304.814020
CC(C)(C)C(C)(N)O,Frag_390,-367.378361
CC(=N)C(C)(C)C,Frag_391,-290.967605
CC(C)(N)O,Frag_392,-249.548403
CNN=N,Frag_393,-205.178851
C=C(N)N=N,Frag_394,-243.263176
C/N=N\N,Frag_395,-205.180724
CC(C)CO,Frag_396,-233.483989
CN(N)N=N,Frag_397,-260.469370
C=C(N)ON,Frag_398,-264.326045
C/C=C(/C)O,Frag_399,-232.284397
C=NC(=C)O,Frag_400,-247.118805
CC(C)=[N+](C)[O-],Frag_401,-287.557776
N=C(N)N(N)N,Frag_402,-315.855678
CC(=O)N(C)N,Frag_403,-303.662870
NCC(N)=O,Frag_404,-264.427625
CN(C)C(=N)N,Frag_405,-283.793309
N/C=C\N,Frag_406,-189.176422
CC(N)C(C)(C)N,Frag_407,-308.216278
CC(O)C(C)(N)N,Frag_408,-344.151746
CC(O)C(O)O,Frag_409,-344.623545
CN(C)CN,Frag_410,-229.637239
C/C(N)=[N+](\N)[O-],Frag_411,-319.655618
C=[N+]([O-])N(C)N,Frag_412,-319.590800
C=[N+](N)[O-],Frag_413,-225.026615
CC(N)CN,Frag_414,-229.656774
C=C(C)C(C)C,Frag_415,-235.627275
